date,cash,holding_value,nav,holding_symbol,return,cum_return,peak,drawdown
2018-01-02,10000.0,0.0,10000.0,CASH,0.0,0.0,10000.0,0.0
2018-01-03,10000.0,0.0,10000.0,CASH,0.0,0.0,10000.0,0.0
2018-01-04,10000.0,0.0,10000.0,CASH,0.0,0.0,10000.0,0.0
2018-01-05,10000.0,0.0,10000.0,CASH,0.0,0.0,10000.0,0.0
2018-01-08,10000.0,0.0,10000.0,CASH,0.0,0.0,10000.0,0.0
2018-01-09,10000.0,0.0,10000.0,CASH,0.0,0.0,10000.0,0.0
2018-01-10,10000.0,0.0,10000.0,CASH,0.0,0.0,10000.0,0.0
2018-01-11,10000.0,0.0,10000.0,CASH,0.0,0.0,10000.0,0.0
2018-01-12,10000.0,0.0,10000.0,CASH,0.0,0.0,10000.0,0.0
2018-01-15,10000.0,0.0,10000.0,CASH,0.0,0.0,10000.0,0.0
2018-01-16,10000.0,0.0,10000.0,CASH,0.0,0.0,10000.0,0.0
2018-01-17,10000.0,0.0,10000.0,CASH,0.0,0.0,10000.0,0.0
2018-01-18,10000.0,0.0,10000.0,CASH,0.0,0.0,10000.0,0.0
2018-01-19,10000.0,0.0,10000.0,CASH,0.0,0.0,10000.0,0.0
2018-01-22,10000.0,0.0,10000.0,CASH,0.0,0.0,10000.0,0.0
2018-01-23,10000.0,0.0,10000.0,CASH,0.0,0.0,10000.0,0.0
2018-01-24,10000.0,0.0,10000.0,CASH,0.0,0.0,10000.0,0.0
2018-01-25,10000.0,0.0,10000.0,CASH,0.0,0.0,10000.0,0.0
2018-01-26,10000.0,0.0,10000.0,CASH,0.0,0.0,10000.0,0.0
2018-01-29,10000.0,0.0,10000.0,CASH,0.0,0.0,10000.0,0.0
2018-01-30,10000.0,0.0,10000.0,CASH,0.0,0.0,10000.0,0.0
2018-01-31,10000.0,0.0,10000.0,CASH,0.0,0.0,10000.0,0.0
2018-02-01,10000.0,0.0,10000.0,CASH,0.0,0.0,10000.0,0.0
2018-02-02,10000.0,0.0,10000.0,CASH,0.0,0.0,10000.0,0.0
2018-02-05,10000.0,0.0,10000.0,CASH,0.0,0.0,10000.0,0.0
2018-02-06,10000.0,0.0,10000.0,CASH,0.0,0.0,10000.0,0.0
2018-02-07,10000.0,0.0,10000.0,CASH,0.0,0.0,10000.0,0.0
2018-02-08,10000.0,0.0,10000.0,CASH,0.0,0.0,10000.0,0.0
2018-02-09,10000.0,0.0,10000.0,CASH,0.0,0.0,10000.0,0.0
2018-02-12,10000.0,0.0,10000.0,CASH,0.0,0.0,10000.0,0.0
2018-02-13,10000.0,0.0,10000.0,CASH,0.0,0.0,10000.0,0.0
2018-02-14,10000.0,0.0,10000.0,CASH,0.0,0.0,10000.0,0.0
2018-02-22,10000.0,0.0,10000.0,CASH,0.0,0.0,10000.0,0.0
2018-02-23,10000.0,0.0,10000.0,CASH,0.0,0.0,10000.0,0.0
2018-02-26,10000.0,0.0,10000.0,CASH,0.0,0.0,10000.0,0.0
2018-02-27,10000.0,0.0,10000.0,CASH,0.0,0.0,10000.0,0.0
2018-02-28,10000.0,0.0,10000.0,CASH,0.0,0.0,10000.0,0.0
2018-03-01,10000.0,0.0,10000.0,CASH,0.0,0.0,10000.0,0.0
2018-03-02,10000.0,0.0,10000.0,CASH,0.0,0.0,10000.0,0.0
2018-03-05,10000.0,0.0,10000.0,CASH,0.0,0.0,10000.0,0.0
2018-03-06,10000.0,0.0,10000.0,CASH,0.0,0.0,10000.0,0.0
2018-03-07,10000.0,0.0,10000.0,CASH,0.0,0.0,10000.0,0.0
2018-03-08,10000.0,0.0,10000.0,CASH,0.0,0.0,10000.0,0.0
2018-03-09,10000.0,0.0,10000.0,CASH,0.0,0.0,10000.0,0.0
2018-03-12,10000.0,0.0,10000.0,CASH,0.0,0.0,10000.0,0.0
2018-03-13,10000.0,0.0,10000.0,CASH,0.0,0.0,10000.0,0.0
2018-03-14,10000.0,0.0,10000.0,CASH,0.0,0.0,10000.0,0.0
2018-03-15,10000.0,0.0,10000.0,CASH,0.0,0.0,10000.0,0.0
2018-03-16,10000.0,0.0,10000.0,CASH,0.0,0.0,10000.0,0.0
2018-03-19,10000.0,0.0,10000.0,CASH,0.0,0.0,10000.0,0.0
2018-03-20,10000.0,0.0,10000.0,CASH,0.0,0.0,10000.0,0.0
2018-03-21,10000.0,0.0,10000.0,CASH,0.0,0.0,10000.0,0.0
2018-03-22,10000.0,0.0,10000.0,CASH,0.0,0.0,10000.0,0.0
2018-03-23,10000.0,0.0,10000.0,CASH,0.0,0.0,10000.0,0.0
2018-03-26,10000.0,0.0,10000.0,CASH,0.0,0.0,10000.0,0.0
2018-03-27,10000.0,0.0,10000.0,CASH,0.0,0.0,10000.0,0.0
2018-03-28,10000.0,0.0,10000.0,CASH,0.0,0.0,10000.0,0.0
2018-03-29,10000.0,0.0,10000.0,CASH,0.0,0.0,10000.0,0.0
2018-03-30,10000.0,0.0,10000.0,CASH,0.0,0.0,10000.0,0.0
2018-04-02,10000.0,0.0,10000.0,CASH,0.0,0.0,10000.0,0.0
2018-04-03,10000.0,0.0,10000.0,CASH,0.0,0.0,10000.0,0.0
2018-04-04,10000.0,0.0,10000.0,CASH,0.0,0.0,10000.0,0.0
2018-04-09,10000.0,0.0,10000.0,CASH,0.0,0.0,10000.0,0.0
2018-04-10,10000.0,0.0,10000.0,CASH,0.0,0.0,10000.0,0.0
2018-04-11,10000.0,0.0,10000.0,CASH,0.0,0.0,10000.0,0.0
2018-04-12,10000.0,0.0,10000.0,CASH,0.0,0.0,10000.0,0.0
2018-04-13,10000.0,0.0,10000.0,CASH,0.0,0.0,10000.0,0.0
2018-04-16,10000.0,0.0,10000.0,CASH,0.0,0.0,10000.0,0.0
2018-04-17,10000.0,0.0,10000.0,CASH,0.0,0.0,10000.0,0.0
2018-04-18,10000.0,0.0,10000.0,CASH,0.0,0.0,10000.0,0.0
2018-04-19,10000.0,0.0,10000.0,CASH,0.0,0.0,10000.0,0.0
2018-04-20,10000.0,0.0,10000.0,CASH,0.0,0.0,10000.0,0.0
2018-04-23,10000.0,0.0,10000.0,CASH,0.0,0.0,10000.0,0.0
2018-04-24,10000.0,0.0,10000.0,CASH,0.0,0.0,10000.0,0.0
2018-04-25,10000.0,0.0,10000.0,CASH,0.0,0.0,10000.0,0.0
2018-04-26,10000.0,0.0,10000.0,CASH,0.0,0.0,10000.0,0.0
2018-04-27,10000.0,0.0,10000.0,CASH,0.0,0.0,10000.0,0.0
2018-05-02,10000.0,0.0,10000.0,CASH,0.0,0.0,10000.0,0.0
2018-05-03,10000.0,0.0,10000.0,CASH,0.0,0.0,10000.0,0.0
2018-05-04,10000.0,0.0,10000.0,CASH,0.0,0.0,10000.0,0.0
2018-05-07,10000.0,0.0,10000.0,CASH,0.0,0.0,10000.0,0.0
2018-05-08,10000.0,0.0,10000.0,CASH,0.0,0.0,10000.0,0.0
2018-05-09,10000.0,0.0,10000.0,CASH,0.0,0.0,10000.0,0.0
2018-05-10,10000.0,0.0,10000.0,CASH,0.0,0.0,10000.0,0.0
2018-05-11,10000.0,0.0,10000.0,CASH,0.0,0.0,10000.0,0.0
2018-05-14,10000.0,0.0,10000.0,CASH,0.0,0.0,10000.0,0.0
2018-05-15,10000.0,0.0,10000.0,CASH,0.0,0.0,10000.0,0.0
2018-05-16,10000.0,0.0,10000.0,CASH,0.0,0.0,10000.0,0.0
2018-05-17,10000.0,0.0,10000.0,CASH,0.0,0.0,10000.0,0.0
2018-05-18,10000.0,0.0,10000.0,CASH,0.0,0.0,10000.0,0.0
2018-05-21,10000.0,0.0,10000.0,CASH,0.0,0.0,10000.0,0.0
2018-05-22,10000.0,0.0,10000.0,CASH,0.0,0.0,10000.0,0.0
2018-05-23,10000.0,0.0,10000.0,CASH,0.0,0.0,10000.0,0.0
2018-05-24,10000.0,0.0,10000.0,CASH,0.0,0.0,10000.0,0.0
2018-05-25,10000.0,0.0,10000.0,CASH,0.0,0.0,10000.0,0.0
2018-05-28,10000.0,0.0,10000.0,CASH,0.0,0.0,10000.0,0.0
2018-05-29,10000.0,0.0,10000.0,CASH,0.0,0.0,10000.0,0.0
2018-05-30,10000.0,0.0,10000.0,CASH,0.0,0.0,10000.0,0.0
2018-05-31,10000.0,0.0,10000.0,CASH,0.0,0.0,10000.0,0.0
2018-06-01,10000.0,0.0,10000.0,CASH,0.0,0.0,10000.0,0.0
2018-06-04,10000.0,0.0,10000.0,CASH,0.0,0.0,10000.0,0.0
2018-06-05,10000.0,0.0,10000.0,CASH,0.0,0.0,10000.0,0.0
2018-06-06,10000.0,0.0,10000.0,CASH,0.0,0.0,10000.0,0.0
2018-06-07,10000.0,0.0,10000.0,CASH,0.0,0.0,10000.0,0.0
2018-06-08,10000.0,0.0,10000.0,CASH,0.0,0.0,10000.0,0.0
2018-06-11,10000.0,0.0,10000.0,CASH,0.0,0.0,10000.0,0.0
2018-06-12,10000.0,0.0,10000.0,CASH,0.0,0.0,10000.0,0.0
2018-06-13,10000.0,0.0,10000.0,CASH,0.0,0.0,10000.0,0.0
2018-06-14,10000.0,0.0,10000.0,CASH,0.0,0.0,10000.0,0.0
2018-06-15,10000.0,0.0,10000.0,CASH,0.0,0.0,10000.0,0.0
2018-06-19,10000.0,0.0,10000.0,CASH,0.0,0.0,10000.0,0.0
2018-06-20,10000.0,0.0,10000.0,CASH,0.0,0.0,10000.0,0.0
2018-06-21,10000.0,0.0,10000.0,CASH,0.0,0.0,10000.0,0.0
2018-06-22,10000.0,0.0,10000.0,CASH,0.0,0.0,10000.0,0.0
2018-06-25,10000.0,0.0,10000.0,CASH,0.0,0.0,10000.0,0.0
2018-06-26,10000.0,0.0,10000.0,CASH,0.0,0.0,10000.0,0.0
2018-06-27,10000.0,0.0,10000.0,CASH,0.0,0.0,10000.0,0.0
2018-06-28,10000.0,0.0,10000.0,CASH,0.0,0.0,10000.0,0.0
2018-06-29,10000.0,0.0,10000.0,CASH,0.0,0.0,10000.0,0.0
2018-07-02,10000.0,0.0,10000.0,CASH,0.0,0.0,10000.0,0.0
2018-07-03,10000.0,0.0,10000.0,CASH,0.0,0.0,10000.0,0.0
2018-07-04,10000.0,0.0,10000.0,CASH,0.0,0.0,10000.0,0.0
2018-07-05,10000.0,0.0,10000.0,CASH,0.0,0.0,10000.0,0.0
2018-07-06,10000.0,0.0,10000.0,CASH,0.0,0.0,10000.0,0.0
2018-07-09,10000.0,0.0,10000.0,CASH,0.0,0.0,10000.0,0.0
2018-07-10,10000.0,0.0,10000.0,CASH,0.0,0.0,10000.0,0.0
2018-07-11,10000.0,0.0,10000.0,CASH,0.0,0.0,10000.0,0.0
2018-07-12,10000.0,0.0,10000.0,CASH,0.0,0.0,10000.0,0.0
2018-07-13,10000.0,0.0,10000.0,CASH,0.0,0.0,10000.0,0.0
2018-07-16,10000.0,0.0,10000.0,CASH,0.0,0.0,10000.0,0.0
2018-07-17,10000.0,0.0,10000.0,CASH,0.0,0.0,10000.0,0.0
2018-07-18,10000.0,0.0,10000.0,CASH,0.0,0.0,10000.0,0.0
2018-07-19,10000.0,0.0,10000.0,CASH,0.0,0.0,10000.0,0.0
2018-07-20,10000.0,0.0,10000.0,CASH,0.0,0.0,10000.0,0.0
2018-07-23,10000.0,0.0,10000.0,CASH,0.0,0.0,10000.0,0.0
2018-07-24,10000.0,0.0,10000.0,CASH,0.0,0.0,10000.0,0.0
2018-07-25,10000.0,0.0,10000.0,CASH,0.0,0.0,10000.0,0.0
2018-07-26,10000.0,0.0,10000.0,CASH,0.0,0.0,10000.0,0.0
2018-07-27,10000.0,0.0,10000.0,CASH,0.0,0.0,10000.0,0.0
2018-07-30,10000.0,0.0,10000.0,CASH,0.0,0.0,10000.0,0.0
2018-07-31,10000.0,0.0,10000.0,CASH,0.0,0.0,10000.0,0.0
2018-08-01,106.93296999999984,9886.400000000001,9993.332970000001,518880,-0.0006667029999998242,-0.0006667029999998242,10000.0,-0.0006667029999998704
2018-08-02,106.93296999999984,9856.800000000001,9963.732970000001,518880,-0.0029619747574567423,-0.003626702999999898,10000.0,-0.0036267029999999065
2018-08-03,106.93296999999984,9853.099999999999,9960.032969999998,518880,-0.00037134676442485137,-0.003996703000000212,10000.0,-0.003996703000000161
2018-08-06,106.93296999999984,9853.099999999999,9960.032969999998,518880,0.0,-0.003996703000000212,10000.0,-0.003996703000000161
2018-08-07,106.93296999999984,9849.4,9956.33297,518880,-0.00037148471407111305,-0.004366703000000083,10000.0,-0.0043667030000000525
2018-08-08,106.93296999999984,9834.6,9941.53297,518880,-0.0014864910649928786,-0.005846703000000009,10000.0,-0.005846702999999979
2018-08-09,106.93296999999984,9834.6,9941.53297,518880,0.0,-0.005846703000000009,10000.0,-0.005846702999999979
2018-08-10,106.93296999999984,9827.2,9934.13297,518880,-0.0007443520051012564,-0.0065867029999999716,10000.0,-0.006586702999999943
2018-08-13,106.93296999999984,9856.800000000001,9963.732970000001,518880,0.0029796259109264867,-0.003626702999999898,10000.0,-0.0036267029999999065
2018-08-14,106.93296999999984,9771.7,9878.63297,518880,-0.008540975581765364,-0.012136702999999915,10000.0,-0.012136702999999943
2018-08-15,106.93296999999984,9756.9,9863.83297,518880,-0.001498183002136666,-0.013616703000000063,10000.0,-0.013616703000000053
2018-08-16,106.93296999999984,9634.800000000001,9741.732970000001,518880,-0.012378555108481182,-0.025826702999999895,10000.0,-0.025826702999999906
2018-08-17,9712.950299999999,0.0,9712.950299999999,CASH,-0.002954573902676172,-0.028704970000000163,10000.0,-0.02870497000000014
2018-08-20,9712.950299999999,0.0,9712.950299999999,CASH,0.0,-0.028704970000000163,10000.0,-0.02870497000000014
2018-08-21,9712.950299999999,0.0,9712.950299999999,CASH,0.0,-0.028704970000000163,10000.0,-0.02870497000000014
2018-08-22,9712.950299999999,0.0,9712.950299999999,CASH,0.0,-0.028704970000000163,10000.0,-0.02870497000000014
2018-08-23,9712.950299999999,0.0,9712.950299999999,CASH,0.0,-0.028704970000000163,10000.0,-0.02870497000000014
2018-08-24,9712.950299999999,0.0,9712.950299999999,CASH,0.0,-0.028704970000000163,10000.0,-0.02870497000000014
2018-08-27,9712.950299999999,0.0,9712.950299999999,CASH,0.0,-0.028704970000000163,10000.0,-0.02870497000000014
2018-08-28,9712.950299999999,0.0,9712.950299999999,CASH,0.0,-0.028704970000000163,10000.0,-0.02870497000000014
2018-08-29,9712.950299999999,0.0,9712.950299999999,CASH,0.0,-0.028704970000000163,10000.0,-0.02870497000000014
2018-08-30,9712.950299999999,0.0,9712.950299999999,CASH,0.0,-0.028704970000000163,10000.0,-0.02870497000000014
2018-08-31,9712.950299999999,0.0,9712.950299999999,CASH,0.0,-0.028704970000000163,10000.0,-0.02870497000000014
2018-09-03,9712.950299999999,0.0,9712.950299999999,CASH,0.0,-0.028704970000000163,10000.0,-0.02870497000000014
2018-09-04,9712.950299999999,0.0,9712.950299999999,CASH,0.0,-0.028704970000000163,10000.0,-0.02870497000000014
2018-09-05,9712.950299999999,0.0,9712.950299999999,CASH,0.0,-0.028704970000000163,10000.0,-0.02870497000000014
2018-09-06,9712.950299999999,0.0,9712.950299999999,CASH,0.0,-0.028704970000000163,10000.0,-0.02870497000000014
2018-09-07,9712.950299999999,0.0,9712.950299999999,CASH,0.0,-0.028704970000000163,10000.0,-0.02870497000000014
2018-09-10,9712.950299999999,0.0,9712.950299999999,CASH,0.0,-0.028704970000000163,10000.0,-0.02870497000000014
2018-09-11,9712.950299999999,0.0,9712.950299999999,CASH,0.0,-0.028704970000000163,10000.0,-0.02870497000000014
2018-09-12,9712.950299999999,0.0,9712.950299999999,CASH,0.0,-0.028704970000000163,10000.0,-0.02870497000000014
2018-09-13,9712.950299999999,0.0,9712.950299999999,CASH,0.0,-0.028704970000000163,10000.0,-0.02870497000000014
2018-09-14,9712.950299999999,0.0,9712.950299999999,CASH,0.0,-0.028704970000000163,10000.0,-0.02870497000000014
2018-09-17,9712.950299999999,0.0,9712.950299999999,CASH,0.0,-0.028704970000000163,10000.0,-0.02870497000000014
2018-09-18,9712.950299999999,0.0,9712.950299999999,CASH,0.0,-0.028704970000000163,10000.0,-0.02870497000000014
2018-09-19,9712.950299999999,0.0,9712.950299999999,CASH,0.0,-0.028704970000000163,10000.0,-0.02870497000000014
2018-09-20,9712.950299999999,0.0,9712.950299999999,CASH,0.0,-0.028704970000000163,10000.0,-0.02870497000000014
2018-09-21,9712.950299999999,0.0,9712.950299999999,CASH,0.0,-0.028704970000000163,10000.0,-0.02870497000000014
2018-09-25,9712.950299999999,0.0,9712.950299999999,CASH,0.0,-0.028704970000000163,10000.0,-0.02870497000000014
2018-09-26,9712.950299999999,0.0,9712.950299999999,CASH,0.0,-0.028704970000000163,10000.0,-0.02870497000000014
2018-09-27,9712.950299999999,0.0,9712.950299999999,CASH,0.0,-0.028704970000000163,10000.0,-0.02870497000000014
2018-09-28,9712.950299999999,0.0,9712.950299999999,CASH,0.0,-0.028704970000000163,10000.0,-0.02870497000000014
2018-10-08,26.945369999997638,9662.8,9689.745369999997,512800,-0.002389071217630101,-0.03102546300000031,10000.0,-0.03102546300000031
2018-10-09,26.945369999997638,9662.8,9689.745369999997,512800,0.0,-0.03102546300000031,10000.0,-0.03102546300000031
2018-10-10,26.945369999997638,9703.4,9730.345369999997,512800,0.004189996583986666,-0.026965463000000245,10000.0,-0.026965463000000273
2018-10-11,26.945369999997638,9338.0,9364.945369999998,512800,-0.03755262389006031,-0.06350546300000026,10000.0,-0.06350546300000023
2018-10-12,26.945369999997638,9541.0,9567.945369999998,512800,0.021676581333864187,-0.04320546300000028,10000.0,-0.043205463000000235
2018-10-15,26.945369999997638,9419.2,9446.145369999998,512800,-0.012730005794336918,-0.055385463000000135,10000.0,-0.05538546300000016
2018-10-16,26.945369999997638,9480.1,9507.045369999998,512800,0.006447074188950408,-0.049295463000000206,10000.0,-0.0492954630000002
2018-10-17,26.945369999997638,9541.0,9567.945369999998,512800,0.006405775677917003,-0.04320546300000028,10000.0,-0.043205463000000235
2018-10-18,26.945369999997638,9358.300000000001,9385.245369999999,512800,-0.019095008691505377,-0.061475463000000174,10000.0,-0.061475463000000126
2018-10-19,26.945369999997638,9662.8,9689.745369999997,512800,0.032444543322578845,-0.03102546300000031,10000.0,-0.03102546300000031
2018-10-22,26.945369999997638,9926.699999999999,9953.645369999997,512800,0.027234977795912885,-0.004635463000000395,10000.0,-0.0046354630000003455
2018-10-23,26.945369999997638,9703.4,9730.345369999997,512800,-0.02243399193957818,-0.026965463000000245,10000.0,-0.026965463000000273
2018-10-24,26.945369999997638,9906.4,9933.345369999997,512800,0.020862568827811234,-0.00666546300000026,10000.0,-0.006665463000000272
2018-10-25,26.945369999997638,9987.6,10014.545369999998,512800,0.008174486738902198,0.001454536999999867,10014.545369999998,0.0
2018-10-26,26.945369999997638,9967.3,9994.245369999997,512800,-0.0020270515784782672,-0.0005754630000003313,10014.545369999998,-0.0020270515784783045
2018-10-29,26.945369999997638,9784.6,9811.545369999998,512800,-0.01828051976274414,-0.01884546300000023,10014.545369999998,-0.020270515784781954
2018-10-30,26.945369999997638,9926.699999999999,9953.645369999997,512800,0.01448293766591413,-0.004635463000000395,10014.545369999998,-0.006081154735434731
2018-10-31,26.945369999997638,9947.0,9973.945369999998,512800,0.002039453812689107,-0.0026054630000001966,10014.545369999998,-0.004054103156956427
2018-11-01,55.236149999997,9828.0,9883.236149999997,518880,-0.009094617689890172,-0.011676385000000344,10014.545369999998,-0.013111850328558753
2018-11-02,55.236149999997,9831.6,9886.836149999997,518880,0.0003642531601353305,-0.011316385000000317,10014.545369999998,-0.012752373201340908
2018-11-05,55.236149999997,9835.2,9890.436149999998,518880,0.0003641205280822124,-0.01095638500000018,10014.545369999998,-0.012392896074123064
2018-11-06,55.236149999997,9842.4,9897.636149999997,518880,0.0007279759851641643,-0.010236385000000348,10014.545369999998,-0.011673941819687556
2018-11-07,55.236149999997,9846.0,9901.236149999997,518880,0.00036372321081934444,-0.00987638500000032,10014.545369999998,-0.011314464692469712
2018-11-08,55.236149999997,9806.400000000001,9861.636149999998,518880,-0.003999500607810291,-0.013836385000000173,10014.545369999998,-0.015268713091865456
2018-11-09,55.236149999997,9784.8,9840.036149999996,518880,-0.0021903059159206206,-0.015996385000000335,10014.545369999998,-0.017425575855172522
2018-11-12,55.236149999997,9712.8,9768.036149999996,518880,-0.007317046289509799,-0.02319638500000032,10014.545369999998,-0.024615118399528683
2018-11-13,55.236149999997,9680.4,9735.636149999997,518880,-0.003316941041418997,-0.02643638500000034,10014.545369999998,-0.02785041254448892
2018-11-14,55.236149999997,9676.800000000001,9732.036149999998,518880,-0.00036977552822770043,-0.026796385000000145,10014.545369999998,-0.02820988967170658
2018-11-15,55.236149999997,9730.8,9786.036149999996,518880,0.0055486846912295995,-0.021396385000000406,10014.545369999998,-0.02281773276343964
2018-11-16,55.236149999997,9745.199999999999,9800.436149999996,518880,0.0014714844477659028,-0.01995638500000041,10014.545369999998,-0.02137982425456845
2018-11-19,55.236149999997,9770.4,9825.636149999997,518880,0.0025713141348306934,-0.017436385000000332,10014.545369999998,-0.01886348436404372
2018-11-20,55.236149999997,9806.400000000001,9861.636149999998,518880,0.003663884907849191,-0.013836385000000173,10014.545369999998,-0.015268713091865456
2018-11-21,55.236149999997,9802.8,9858.036149999996,518880,-0.00036505098598693664,-0.014196385000000422,10014.545369999998,-0.01562819021908348
2018-11-22,55.236149999997,9820.800000000001,9876.036149999998,518880,0.001825921484372106,-0.012396385000000176,10014.545369999998,-0.01383080458299426
2018-11-23,55.236149999997,9831.6,9886.836149999997,518880,0.0010935561429672447,-0.011316385000000317,10014.545369999998,-0.012752373201340908
2018-11-26,55.236149999997,9817.199999999999,9872.436149999996,518880,-0.0014564821123288496,-0.012756385000000425,10014.545369999998,-0.014190281710212286
2018-11-27,55.236149999997,9799.2,9854.436149999998,518880,-0.0018232581833409478,-0.014556385000000227,10014.545369999998,-0.015987667346301145
2018-11-28,55.236149999997,9756.0,9811.236149999997,518880,-0.004383812461964176,-0.01887638500000033,10014.545369999998,-0.020301392872914912
2018-11-29,55.236149999997,9831.6,9886.836149999997,518880,0.0077054510608227655,-0.011316385000000317,10014.545369999998,-0.012752373201340908
2018-11-30,55.236149999997,9835.2,9890.436149999998,518880,0.0003641205280822124,-0.01095638500000018,10014.545369999998,-0.012392896074123064
2018-12-03,55.236149999997,9792.0,9847.236149999997,518880,-0.004367855910985319,-0.015276385000000281,10014.545369999998,-0.016706621600736833
2018-12-04,55.236149999997,9792.0,9847.236149999997,518880,0.0,-0.015276385000000281,10014.545369999998,-0.016706621600736833
2018-12-05,55.236149999997,9810.0,9865.236149999997,518880,0.0018279240718725998,-0.013476385000000257,10014.545369999998,-0.014909235964647792
2018-12-06,55.236149999997,9846.0,9901.236149999997,518880,0.0036491777239413548,-0.00987638500000032,10014.545369999998,-0.011314464692469712
2018-12-07,55.236149999997,9856.8,9912.036149999996,518880,0.0010907728930391603,-0.00879638500000035,10014.545369999998,-0.01023603331081636
2018-12-10,55.236149999997,9961.199999999999,10016.436149999996,518880,0.010532649237765312,0.001643614999999654,10016.436149999996,0.0
2018-12-11,55.236149999997,9946.8,10002.036149999996,518880,-0.0014376370781338244,0.00020361499999954624,10016.436149999996,-0.0014376370781337873
2018-12-12,55.236149999997,9900.0,9955.236149999997,518880,-0.004679047275788828,-0.004476385000000249,10016.436149999996,-0.006109957582068642
2018-12-13,55.236149999997,9892.800000000001,9948.036149999998,518880,-0.0007232374894491356,-0.005196385000000192,10016.436149999996,-0.0068287761211354445
2018-12-14,55.236149999997,9882.0,9937.236149999997,518880,-0.0010856414107422996,-0.006276385000000273,10016.436149999996,-0.007907003929735921
2018-12-17,55.236149999997,9885.6,9940.836149999997,518880,0.0003622737696538092,-0.005916385000000246,10016.436149999996,-0.007547594660202429
2018-12-18,55.236149999997,9939.6,9994.836149999997,518880,0.005432138623469918,-0.0005163850000002856,10016.436149999996,-0.0021564556172005904
2018-12-19,55.236149999997,9972.0,10027.236149999997,518880,0.0032416739518035254,0.002723614999999624,10027.236149999997,0.0
2018-12-20,55.236149999997,9972.0,10027.236149999997,518880,0.0,0.002723614999999624,10027.236149999997,0.0
2018-12-21,55.236149999997,10036.8,10092.036149999996,518880,0.006462398913383405,0.009203614999999665,10092.036149999996,0.0
2018-12-24,55.236149999997,10072.8,10128.036149999996,518880,0.0035671691485170687,0.012803614999999713,10128.036149999996,0.0
2018-12-25,55.236149999997,10152.0,10207.236149999997,518880,0.00781987730168221,0.02072361499999964,10207.236149999997,0.0
2018-12-26,55.236149999997,10148.4,10203.636149999997,518880,-0.00035269096816181733,0.020363614999999724,10207.236149999997,-0.00035269096816187257
2018-12-27,55.236149999997,10112.400000000001,10167.636149999998,518880,-0.003528154029678765,0.0167636149999999,10207.236149999997,-0.003879600649780064
2018-12-28,55.236149999997,10173.6,10228.836149999997,518880,0.006019098155867653,0.022883614999999802,10228.836149999997,0.0
2019-01-02,55.236149999997,10213.2,10268.436149999998,518880,0.0038714081855735216,0.026843614999999765,10268.436149999998,0.0
2019-01-03,55.236149999997,10324.8,10380.036149999996,518880,0.010868256701386692,0.0380036149999996,10380.036149999996,0.0
2019-01-04,55.236149999997,10270.800000000001,10326.036149999998,518880,-0.005202294020912324,0.03260361499999975,10380.036149999996,-0.005202294020912268
2019-01-07,55.236149999997,10227.6,10282.836149999997,518880,-0.00418359953155889,0.02828361499999965,10380.036149999996,-0.009364129237642294
2019-01-08,55.236149999997,10180.8,10236.036149999996,518880,-0.004551273531670619,0.023603614999999634,10380.036149999996,-0.013872784055766516
2019-01-09,55.236149999997,10141.2,10196.436149999998,518880,-0.0038686850475805334,0.01964361499999967,10380.036149999996,-0.017687799671102167
2019-01-10,55.236149999997,10162.8,10218.036149999996,518880,0.0021183872170864593,0.02180361499999961,10380.036149999996,-0.01560688206273733
2019-01-11,55.236149999997,10098.0,10153.236149999997,518880,-0.006341727416965481,0.01532361499999979,10380.036149999996,-0.021849634887832193
2019-01-14,55.236149999997,10105.199999999999,10160.436149999996,518880,0.0007091335110922525,0.016043614999999622,10380.036149999996,-0.021155995685043973
2019-01-15,55.236149999997,10083.6,10138.836149999997,518880,-0.0021258929913159363,0.013883614999999683,10380.036149999996,-0.02323691329340881
2019-01-16,55.236149999997,10090.8,10146.036149999996,518880,0.0007101406802001442,0.014603614999999737,10380.036149999996,-0.02254327409062059
2019-01-17,55.236149999997,10116.0,10171.236149999997,518880,0.0024837285839949264,0.017123614999999592,10380.036149999996,-0.020115536880861377
2019-01-18,55.236149999997,10119.6,10174.836149999997,518880,0.0003539392800353536,0.01748361499999973,10380.036149999996,-0.01976871727946718
2019-01-21,55.236149999997,10080.0,10135.236149999997,518880,-0.003891954564791744,0.013523614999999767,10380.036149999996,-0.023583732894803006
2019-01-22,55.236149999997,10076.4,10131.636149999997,518880,-0.00035519645982795556,0.013163614999999629,10380.036149999996,-0.023930552496197206
2019-01-23,55.236149999997,10087.2,10142.436149999998,518880,0.0010659680075464362,0.01424361499999982,10380.036149999996,-0.022890093692014613
2019-01-24,55.236149999997,10080.0,10135.236149999997,518880,-0.0007098886198066978,0.013523614999999767,10380.036149999996,-0.023583732894803006
2019-01-25,55.236149999997,10069.2,10124.436149999998,518880,-0.0010655893794837556,0.012443614999999797,10380.036149999996,-0.024624191698985425
2019-01-28,55.236149999997,10162.8,10218.036149999996,518880,0.009244959285954701,0.02180361499999961,10380.036149999996,-0.01560688206273733
2019-01-29,55.236149999997,10198.800000000001,10254.036149999998,518880,0.0035231818983143537,0.02540361499999988,10380.036149999996,-0.012138686048795526
2019-01-30,55.236149999997,10231.2,10286.436149999998,518880,0.00315973140001069,0.02864361499999979,10380.036149999996,-0.009017309636248095
2019-01-31,55.236149999997,10213.2,10268.436149999998,518880,-0.0017498771914313815,0.026843614999999765,10380.036149999996,-0.01075140764321891
2019-02-01,12.667069999997693,10279.4,10292.067069999997,159928,0.00230131634990971,0.02920670699999972,10380.036149999996,-0.008474833683503017
2019-02-11,12.667069999997693,10670.800000000001,10683.467069999999,159928,0.0380292896789296,0.0683467069999999,10683.467069999999,0.0
2019-02-12,12.667069999997693,10712.0,10724.667069999998,159928,0.003856425983255196,0.0724667069999998,10724.667069999998,0.0
2019-02-13,12.667069999997693,10815.0,10827.667069999998,159928,0.009604027736032972,0.08276670699999977,10827.667069999998,0.0
2019-02-14,12.667069999997693,11000.400000000001,11013.06707,159928,0.017122802058966657,0.101306707,11013.06707,0.0
2019-02-15,12.667069999997693,10856.2,10868.867069999998,159928,-0.013093536894259628,0.0868867069999999,11013.06707,-0.013093536894259624
2019-02-18,12.667069999997693,11227.0,11239.667069999998,159928,0.034115791242260496,0.12396670699999968,11239.667069999998,0.0
2019-02-19,12.667069999997693,11124.0,11136.667069999998,159928,-0.009163972505459639,0.1136667069999997,11239.667069999998,-0.009163972505459632
2019-02-20,12.667069999997693,11206.400000000001,11219.06707,159928,0.0073989820726498845,0.12190670699999995,11239.667069999998,-0.001832794501091797
2019-02-21,12.667069999997693,11144.6,11157.267069999998,159928,-0.005508479414055301,0.11572670699999987,11239.667069999998,-0.007331178004367674
2019-02-22,12.667069999997693,11185.800000000001,11198.467069999999,159928,0.0036926605540150703,0.11984670699999977,11239.667069999998,-0.0036655890021837557
2019-02-25,12.667069999997693,11700.8,11713.467069999997,159928,0.04598843723706181,0.17134670699999965,11713.467069999997,0.0
2019-02-26,12.667069999997693,11433.000000000002,11445.66707,159928,-0.022862573343965353,0.14456670699999985,11713.467069999997,-0.022862573343965315
2019-02-27,12.667069999997693,11638.999999999998,11651.667069999996,159928,0.01799807724094471,0.16516670699999958,11713.467069999997,-0.00527597846399214
2019-02-28,12.667069999997693,11597.8,11610.467069999997,159928,-0.0035359747023735455,0.16104670699999968,11713.467069999997,-0.008793297439986743
2019-03-01,3.4099999999980355,11905.4,11908.809999999998,512000,0.025696031710118028,0.19088099999999986,11908.809999999998,0.0
2019-03-04,3.4099999999980355,12001.8,12005.209999999997,512000,0.00809484742808042,0.20052099999999973,12005.209999999997,0.0
2019-03-05,3.4099999999980355,12001.8,12005.209999999997,512000,0.0,0.20052099999999973,12005.209999999997,0.0
2019-03-06,3.4099999999980355,12676.6,12680.009999999998,512000,0.05620892928986665,0.26800099999999993,12680.009999999998,0.0
2019-03-07,3.4099999999980355,13303.2,13306.609999999999,512000,0.04941636481359235,0.33066099999999987,13306.609999999999,0.0
2019-03-08,3.4099999999980355,12001.8,12005.209999999997,512000,-0.09780101768970473,0.20052099999999973,13306.609999999999,-0.09780101768970471
2019-03-11,3.4099999999980355,12170.5,12173.909999999998,512000,0.014052232322466773,0.2173909999999999,13306.609999999999,-0.08512310798918739
2019-03-12,3.4099999999980355,12291.0,12294.409999999998,512000,0.009898216760268586,0.22944099999999978,13306.609999999999,-0.07606745820310364
2019-03-13,3.4099999999980355,12074.1,12077.509999999998,512000,-0.017642164203080846,0.2077509999999998,13306.609999999999,-0.09236762781805437
2019-03-14,3.4099999999980355,11664.4,11667.809999999998,512000,-0.03392255522868548,0.16678099999999985,13306.609999999999,-0.12315683709073921
2019-03-15,3.4099999999980355,11833.1,11836.509999999998,512000,0.014458583058860386,0.1836509999999998,13306.609999999999,-0.11047892739022189
2019-03-18,3.4099999999980355,12122.3,12125.709999999997,512000,0.02443287759652124,0.21257099999999962,13306.609999999999,-0.08874536790362095
2019-03-19,3.4099999999980355,11977.7,11981.109999999999,512000,-0.011925074902830346,0.19811099999999993,13306.609999999999,-0.09961214764692135
2019-03-20,3.4099999999980355,12146.4,12149.809999999998,512000,0.014080498384540174,0.21498099999999987,13306.609999999999,-0.08693423794640417
2019-03-21,3.4099999999980355,12315.1,12318.509999999998,512000,0.013884990794094776,0.2318509999999998,13306.609999999999,-0.07425632824588685
2019-03-22,3.4099999999980355,12194.6,12198.009999999998,512000,-0.009782027209459532,0.2198009999999999,13306.609999999999,-0.08331197803197062
2019-03-25,3.4099999999980355,11736.699999999999,11740.109999999997,512000,-0.03753891003532561,0.1740109999999997,13306.609999999999,-0.117723447219089
2019-03-26,3.4099999999980355,11375.199999999999,11378.609999999997,512000,-0.030791875033538862,0.1378609999999998,13306.609999999999,-0.1448903965773403
2019-03-27,3.4099999999980355,11423.4,11426.809999999998,512000,0.004236018283428455,0.14268099999999984,13306.609999999999,-0.14126813666290672
2019-03-28,3.4099999999980355,11327.0,11330.409999999998,512000,-0.008436300244775152,0.13304099999999974,13306.609999999999,-0.1485126564917737
2019-03-29,3.4099999999980355,12291.0,12294.409999999998,512000,0.08508076936315634,0.22944099999999978,13306.609999999999,-0.07606745820310364
2019-04-01,3.4099999999980355,12483.800000000001,12487.21,512000,0.015681923736071912,0.24872099999999997,13306.609999999999,-0.06157841854536954
2019-04-02,3.4099999999980355,12435.6,12439.009999999998,512000,-0.003859949500328752,0.24390099999999992,13306.609999999999,-0.0652006784598031
2019-04-03,3.4099999999980355,13062.2,13065.609999999999,512000,0.05037378376574986,0.30656099999999986,13306.609999999999,-0.01811129957216752
2019-04-04,3.4099999999980355,13086.300000000001,13089.71,512000,0.0018445369179089788,0.3089709999999999,13306.609999999999,-0.01630016961495074
2019-04-08,3.4099999999980355,12773.0,12776.409999999998,512000,-0.023934831252946154,0.2776409999999998,13306.609999999999,-0.0398448590587686
2019-04-09,3.4099999999980355,12773.0,12776.409999999998,512000,0.0,0.2776409999999998,13306.609999999999,-0.0398448590587686
2019-04-10,3.4099999999980355,12580.2,12583.609999999999,512000,-0.015090310971548337,0.25836099999999984,13306.609999999999,-0.05433389871650256
2019-04-11,3.4099999999980355,12339.2,12342.609999999999,512000,-0.01915189679273277,0.23426099999999983,13306.609999999999,-0.07244519828867008
2019-04-12,3.4099999999980355,12387.4,12390.809999999998,512000,0.0039051707864057317,0.23908099999999988,13306.609999999999,-0.06882293837423666
2019-04-15,3.4099999999980355,12122.3,12125.709999999997,512000,-0.021394888631171005,0.21257099999999962,13306.609999999999,-0.08874536790362095
2019-04-16,3.4099999999980355,12435.6,12439.009999999998,512000,0.025837662289466046,0.24390099999999992,13306.609999999999,-0.0652006784598031
2019-04-17,3.4099999999980355,12339.2,12342.609999999999,512000,-0.007749812887038354,0.23426099999999983,13306.609999999999,-0.07244519828867008
2019-04-18,3.4099999999980355,12242.8,12246.209999999997,512000,-0.007810341572811685,0.22462099999999974,13306.609999999999,-0.0796897181175372
2019-04-19,3.4099999999980355,12387.4,12390.809999999998,512000,0.011807734801215997,0.23908099999999988,13306.609999999999,-0.06882293837423666
2019-04-22,3.4099999999980355,12098.2,12101.609999999999,512000,-0.023339878506731915,0.21016099999999982,13306.609999999999,-0.0905564978608376
2019-04-23,3.4099999999980355,12170.5,12173.909999999998,512000,0.005974411669191104,0.2173909999999999,13306.609999999999,-0.08512310798918739
2019-04-24,3.4099999999980355,12266.9,12270.309999999998,512000,0.00791857340821478,0.22703099999999976,13306.609999999999,-0.07787858816032041
2019-04-25,3.4099999999980355,11929.5,11932.909999999998,512000,-0.027497267795190128,0.19329099999999988,13306.609999999999,-0.10323440756135491
2019-04-26,11977.516689999999,0.0,11977.516689999999,CASH,0.0037381233915281253,0.19775166899999985,13306.609999999999,-0.09988218712354238
2019-04-29,11977.516689999999,0.0,11977.516689999999,CASH,0.0,0.19775166899999985,13306.609999999999,-0.09988218712354238
2019-04-30,11977.516689999999,0.0,11977.516689999999,CASH,0.0,0.19775166899999985,13306.609999999999,-0.09988218712354238
2019-05-06,46.03831999999784,11909.800000000001,11955.838319999999,159928,-0.0018099219196329175,0.19558383199999985,13306.609999999999,-0.10151133008331949
2019-05-07,46.03831999999784,12163.2,12209.238319999999,159928,0.021194666004817675,0.22092383199999976,13306.609999999999,-0.08246816281532263
2019-05-08,46.03831999999784,11964.1,12010.138319999998,159928,-0.016307323584130007,0.2010138319999999,13306.609999999999,-0.0974306513830345
2019-05-09,46.03831999999784,11620.2,11666.238319999999,159928,-0.028634141492551946,0.16662383199999975,13306.609999999999,-0.1232749498181731
2019-05-10,46.03831999999784,12163.2,12209.238319999999,159928,0.04654456604654711,0.22092383199999976,13306.609999999999,-0.08246816281532263
2019-05-13,46.03831999999784,12217.5,12263.538319999998,159928,0.004447451886580911,0.2263538319999998,13306.609999999999,-0.07838748411503764
2019-05-14,46.03831999999784,12127.0,12173.038319999998,159928,-0.007379599397704606,0.2173038319999998,13306.609999999999,-0.08518861528217939
2019-05-15,46.03831999999784,12851.0,12897.038319999998,159928,0.05947570203656438,0.28970383199999983,13306.609999999999,-0.03077956594504543
2019-05-16,46.03831999999784,13194.9,13240.938319999997,159928,0.02666503669037712,0.32409383199999975,13306.609999999999,-0.004935267509906828
2019-05-17,46.03831999999784,12923.4,12969.438319999997,159928,-0.02050458913398212,0.29694383199999974,13306.609999999999,-0.025338661011332062
2019-05-20,46.03831999999784,12579.5,12625.538319999998,159928,-0.026516183007684768,0.2625538319999998,13306.609999999999,-0.051182959446470666
2019-05-21,46.03831999999784,12579.5,12625.538319999998,159928,0.0,0.2625538319999998,13306.609999999999,-0.051182959446470666
2019-05-22,46.03831999999784,12271.800000000001,12317.838319999999,159928,-0.024371238057435907,0.23178383199999986,13306.609999999999,-0.07430680541475251
2019-05-23,46.03831999999784,11927.900000000001,11973.93832,159928,-0.027918859711092536,0.19739383199999994,13306.609999999999,-0.10015110384989111
2019-05-24,11988.454519999998,0.0,11988.454519999998,CASH,0.0012123162498467455,0.1988454519999998,13306.609999999999,-0.09906020241068171
2019-05-27,11988.454519999998,0.0,11988.454519999998,CASH,0.0,0.1988454519999998,13306.609999999999,-0.09906020241068171
2019-05-28,11988.454519999998,0.0,11988.454519999998,CASH,0.0,0.1988454519999998,13306.609999999999,-0.09906020241068171
2019-05-29,11988.454519999998,0.0,11988.454519999998,CASH,0.0,0.1988454519999998,13306.609999999999,-0.09906020241068171
2019-05-30,11988.454519999998,0.0,11988.454519999998,CASH,0.0,0.1988454519999998,13306.609999999999,-0.09906020241068171
2019-05-31,11988.454519999998,0.0,11988.454519999998,CASH,0.0,0.1988454519999998,13306.609999999999,-0.09906020241068171
2019-06-03,33.36906999999701,11947.400000000001,11980.769069999998,518880,-0.0006410709559916405,0.1980769069999999,13306.609999999999,-0.09963776874801324
2019-06-04,33.36906999999701,12070.4,12103.769069999997,518880,0.010266452786239944,0.21037690699999967,13306.609999999999,-0.09039424241035111
2019-06-05,33.36906999999701,12148.300000000001,12181.669069999998,518880,0.006436011753816473,0.21816690699999985,13306.609999999999,-0.0845400090631649
2019-06-06,33.36906999999701,12144.2,12177.569069999998,518880,-0.0003365712839874524,0.21775690699999983,13306.609999999999,-0.08484812660775368
2019-06-10,33.36906999999701,12107.3,12140.669069999996,518880,-0.003030161421207267,0.21406690699999964,13306.609999999999,-0.08762118450905246
2019-06-11,33.36906999999701,12041.699999999999,12075.069069999996,518880,-0.005403326589479285,0.20750690699999952,13306.609999999999,-0.09255106522247236
2019-06-12,33.36906999999701,12185.2,12218.569069999998,518880,0.011883989993607624,0.22185690699999983,13306.609999999999,-0.08176695116186626
2019-06-13,33.36906999999701,12205.699999999999,12239.069069999996,518880,0.0016777742043732058,0.2239069069999995,13306.609999999999,-0.08022636343892268
2019-06-14,33.36906999999701,12390.199999999999,12423.569069999996,518880,0.01507467593693379,0.24235690699999957,13306.609999999999,-0.0663610739324293
2019-06-17,33.36906999999701,12230.300000000001,12263.669069999998,518880,-0.012870697550683596,0.22636690699999984,13306.609999999999,-0.07837765817139007
2019-06-18,33.36906999999701,12316.4,12349.769069999997,518880,0.007020737391766341,0.23497690699999962,13306.609999999999,-0.07190718973502659
2019-06-19,33.36906999999701,12254.9,12288.269069999997,518880,-0.0049798502021706215,0.22882690699999975,13306.609999999999,-0.07652895290385772
2019-06-20,33.36906999999701,12521.4,12554.769069999997,518880,0.021687350633509572,0.2554769069999996,13306.609999999999,-0.05650131250558949
2019-06-21,33.36906999999701,12623.900000000001,12657.269069999998,518880,0.008164228225028047,0.2657269069999999,13306.609999999999,-0.04879837389087081
2019-06-24,33.36906999999701,12714.1,12747.469069999997,518880,0.0071263397737026946,0.2747469069999997,13306.609999999999,-0.04201978790991856
2019-06-25,33.36906999999701,12980.6,13013.969069999997,518880,0.02090611073747839,0.30139690699999977,13306.609999999999,-0.02199214751165033
2019-06-26,33.36906999999701,12742.800000000001,12776.169069999998,518880,-0.01827267290408574,0.27761690699999986,13306.609999999999,-0.03986296509779731
2019-06-27,33.36906999999701,12710.0,12743.369069999997,518880,-0.0025672797393562208,0.2743369069999997,13306.609999999999,-0.042327905454507334
2019-06-28,33.36906999999701,12746.9,12780.269069999997,518880,0.0028956235825319254,0.27802690699999966,13306.609999999999,-0.039554847553208684
2019-07-01,44.413439999998445,12400.2,12444.61344,159928,-0.026263580849632095,0.24446134399999986,13306.609999999999,-0.06477957646613222
2019-07-02,44.413439999998445,12433.4,12477.813439999998,159928,0.002667820913849095,0.24778134399999985,13306.609999999999,-0.062284575861169804
2019-07-03,44.413439999998445,12250.8,12295.213439999998,159928,-0.0146339742037368,0.22952134399999968,13306.609999999999,-0.07600707918846357
2019-07-04,44.413439999998445,11985.199999999999,12029.613439999997,159928,-0.02160190234159942,0.20296134399999977,13306.609999999999,-0.09596708402816356
2019-07-05,44.413439999998445,12267.4,12311.813439999998,159928,0.023458775413484956,0.2311813439999999,13306.609999999999,-0.0747595788859823
2019-07-08,44.413439999998445,12134.6,12179.013439999999,159928,-0.010786388264180768,0.21790134399999994,13306.609999999999,-0.08473958130583222
2019-07-09,44.413439999998445,12151.199999999999,12195.613439999997,159928,0.001363000384372537,0.21956134399999971,13306.609999999999,-0.08349208100335108
2019-07-10,44.413439999998445,12151.199999999999,12195.613439999997,159928,0.0,0.21956134399999971,13306.609999999999,-0.08349208100335108
2019-07-11,44.413439999998445,12118.0,12162.413439999998,159928,-0.0027222902860389864,0.21624134399999995,13306.609999999999,-0.08598708160831349
2019-07-12,44.413439999998445,12234.199999999999,12278.613439999997,159928,0.009554024830124463,0.2278613439999997,13306.609999999999,-0.07725457949094484
2019-07-15,44.413439999998445,12284.0,12328.413439999998,159928,0.004055832545209581,0.2328413439999999,13306.609999999999,-0.073512078583501
2019-07-16,44.413439999998445,12151.199999999999,12195.613439999997,159928,-0.010771864574976586,0.21956134399999971,13306.609999999999,-0.08349208100335108
2019-07-17,44.413439999998445,12151.199999999999,12195.613439999997,159928,0.0,0.21956134399999971,13306.609999999999,-0.08349208100335108
2019-07-18,44.413439999998445,11952.0,11996.413439999998,159928,-0.016333741716234584,0.19964134399999978,13306.609999999999,-0.09846208463312597
2019-07-19,44.413439999998445,12035.0,12079.413439999998,159928,0.006918734538045479,0.20794134399999975,13306.609999999999,-0.09222458312071974
2019-07-22,44.413439999998445,11985.199999999999,12029.613439999997,159928,-0.004122716740126875,0.20296134399999977,13306.609999999999,-0.09596708402816356
2019-07-23,44.413439999998445,11885.6,11930.013439999999,159928,-0.008279567792994547,0.1930013439999998,13306.609999999999,-0.10345208584305095
2019-07-24,44.413439999998445,11918.8,11963.213439999998,159928,0.002782897116333727,0.1963213439999998,13306.609999999999,-0.10095708523808852
2019-07-25,44.413439999998445,12035.0,12079.413439999998,159928,0.00971310932324232,0.20794134399999975,13306.609999999999,-0.09222458312071974
2019-07-26,44.413439999998445,12001.8,12046.213439999998,159928,-0.00274847782675125,0.20462134399999976,13306.609999999999,-0.09471958372568229
2019-07-29,44.413439999998445,12134.6,12179.013439999999,159928,0.011024211106789084,0.21790134399999994,13306.609999999999,-0.08473958130583222
2019-07-30,44.413439999998445,12118.0,12162.413439999998,159928,-0.001363000384372759,0.21624134399999995,13306.609999999999,-0.08598708160831349
2019-07-31,44.413439999998445,11968.6,12013.013439999999,159928,-0.01228374621016004,0.20130134399999977,13306.609999999999,-0.0972145843306447
2019-08-01,4.072119999998904,11847.0,11851.072119999999,512690,-0.01348049103656046,0.1851072119999999,13306.609999999999,-0.10938457503451292
2019-08-02,11416.84726,0.0,11416.84726,CASH,-0.03664013311227732,0.14168472600000004,13306.609999999999,-0.1420168427570958
2019-08-05,11416.84726,0.0,11416.84726,CASH,0.0,0.14168472600000004,13306.609999999999,-0.1420168427570958
2019-08-06,11416.84726,0.0,11416.84726,CASH,0.0,0.14168472600000004,13306.609999999999,-0.1420168427570958
2019-08-07,11416.84726,0.0,11416.84726,CASH,0.0,0.14168472600000004,13306.609999999999,-0.1420168427570958
2019-08-08,11416.84726,0.0,11416.84726,CASH,0.0,0.14168472600000004,13306.609999999999,-0.1420168427570958
2019-08-09,11416.84726,0.0,11416.84726,CASH,0.0,0.14168472600000004,13306.609999999999,-0.1420168427570958
2019-08-12,11416.84726,0.0,11416.84726,CASH,0.0,0.14168472600000004,13306.609999999999,-0.1420168427570958
2019-08-13,11416.84726,0.0,11416.84726,CASH,0.0,0.14168472600000004,13306.609999999999,-0.1420168427570958
2019-08-14,11416.84726,0.0,11416.84726,CASH,0.0,0.14168472600000004,13306.609999999999,-0.1420168427570958
2019-08-15,11416.84726,0.0,11416.84726,CASH,0.0,0.14168472600000004,13306.609999999999,-0.1420168427570958
2019-08-16,11416.84726,0.0,11416.84726,CASH,0.0,0.14168472600000004,13306.609999999999,-0.1420168427570958
2019-08-19,11416.84726,0.0,11416.84726,CASH,0.0,0.14168472600000004,13306.609999999999,-0.1420168427570958
2019-08-20,11416.84726,0.0,11416.84726,CASH,0.0,0.14168472600000004,13306.609999999999,-0.1420168427570958
2019-08-21,11416.84726,0.0,11416.84726,CASH,0.0,0.14168472600000004,13306.609999999999,-0.1420168427570958
2019-08-22,11416.84726,0.0,11416.84726,CASH,0.0,0.14168472600000004,13306.609999999999,-0.1420168427570958
2019-08-23,11416.84726,0.0,11416.84726,CASH,0.0,0.14168472600000004,13306.609999999999,-0.1420168427570958
2019-08-26,11416.84726,0.0,11416.84726,CASH,0.0,0.14168472600000004,13306.609999999999,-0.1420168427570958
2019-08-27,11416.84726,0.0,11416.84726,CASH,0.0,0.14168472600000004,13306.609999999999,-0.1420168427570958
2019-08-28,11416.84726,0.0,11416.84726,CASH,0.0,0.14168472600000004,13306.609999999999,-0.1420168427570958
2019-08-29,11416.84726,0.0,11416.84726,CASH,0.0,0.14168472600000004,13306.609999999999,-0.1420168427570958
2019-08-30,11416.84726,0.0,11416.84726,CASH,0.0,0.14168472600000004,13306.609999999999,-0.1420168427570958
2019-09-02,26.43116000000009,11348.4,11374.83116,512480,-0.0036801841211634434,0.13748311600000007,13306.609999999999,-0.14517437874860684
2019-09-03,26.43116000000009,11657.199999999999,11683.631159999999,512480,0.02714765570199451,0.16836311599999987,13306.609999999999,-0.12196786709763043
2019-09-04,26.43116000000009,11927.4,11953.83116,512480,0.023126371955754177,0.1953831159999999,13306.609999999999,-0.10166216940302596
2019-09-05,26.43116000000009,11927.4,11953.83116,512480,0.0,0.1953831159999999,13306.609999999999,-0.10166216940302596
2019-09-06,26.43116000000009,11850.199999999999,11876.631159999999,512480,-0.006458180558742366,0.18766311599999996,13306.609999999999,-0.10746379731577012
2019-09-09,26.43116000000009,12583.6,12610.03116,512480,0.06175151775951937,0.26100311600000015,13306.609999999999,-0.052348332144700895
2019-09-10,26.43116000000009,12313.4,12339.83116,512480,-0.02142738559259838,0.23398311599999988,13306.609999999999,-0.07265402983930536
2019-09-11,26.43116000000009,12159.0,12185.43116,512480,-0.012512326789404726,0.21854311599999998,13306.609999999999,-0.08425728566479357
2019-09-12,26.43116000000009,12236.2,12262.63116,512480,0.006335434420524866,0.22626311600000015,13306.609999999999,-0.0784556577520494
2019-09-16,26.43116000000009,12467.800000000001,12494.231160000001,512480,0.018886648140854723,0.24942311600000022,13306.609999999999,-0.06105077401381702
2019-09-17,26.43116000000009,11966.0,11992.43116,512480,-0.04016253529921088,0.1992431160000001,13306.609999999999,-0.09876135544665386
2019-09-18,26.43116000000009,12004.6,12031.03116,512480,0.0032186968167680075,0.20310311600000008,13306.609999999999,-0.09586054149028178
2019-09-19,26.43116000000009,12313.4,12339.83116,512480,0.025666960370502423,0.23398311599999988,13306.609999999999,-0.07265402983930536
2019-09-20,26.43116000000009,12660.800000000001,12687.231160000001,512480,0.0281527352761608,0.2687231160000001,13306.609999999999,-0.04654670423195672
2019-09-23,26.43116000000009,13046.800000000001,13073.231160000001,512480,0.03042428999141844,0.30732311600000006,13306.609999999999,-0.017538564668236133
2019-09-24,26.43116000000009,13085.400000000001,13111.831160000002,512480,0.0029525982924638594,0.31118311600000026,13306.609999999999,-0.014637750711864047
2019-09-25,26.43116000000009,12352.0,12378.43116,512480,-0.05593421628531714,0.23784311600000008,13306.609999999999,-0.06975321588293328
2019-09-26,26.43116000000009,11773.0,11799.43116,512480,-0.04677490972127363,0.17994311600000001,13306.609999999999,-0.11326542522851415
2019-09-27,26.43116000000009,11888.8,11915.23116,512480,0.009814032424932506,0.19152311599999994,13306.609999999999,-0.10456298335939804
2019-09-30,26.43116000000009,11657.199999999999,11683.631159999999,512480,-0.019437306493682915,0.16836311599999987,13306.609999999999,-0.12196786709763043
2019-10-08,11371.42664,0.0,11371.42664,CASH,-0.026721531664647302,0.13714266399999997,13306.609999999999,-0.14543023053955886
2019-10-09,11371.42664,0.0,11371.42664,CASH,0.0,0.13714266399999997,13306.609999999999,-0.14543023053955886
2019-10-10,11371.42664,0.0,11371.42664,CASH,0.0,0.13714266399999997,13306.609999999999,-0.14543023053955886
2019-10-11,11371.42664,0.0,11371.42664,CASH,0.0,0.13714266399999997,13306.609999999999,-0.14543023053955886
2019-10-14,11371.42664,0.0,11371.42664,CASH,0.0,0.13714266399999997,13306.609999999999,-0.14543023053955886
2019-10-15,11371.42664,0.0,11371.42664,CASH,0.0,0.13714266399999997,13306.609999999999,-0.14543023053955886
2019-10-16,11371.42664,0.0,11371.42664,CASH,0.0,0.13714266399999997,13306.609999999999,-0.14543023053955886
2019-10-17,11371.42664,0.0,11371.42664,CASH,0.0,0.13714266399999997,13306.609999999999,-0.14543023053955886
2019-10-18,11371.42664,0.0,11371.42664,CASH,0.0,0.13714266399999997,13306.609999999999,-0.14543023053955886
2019-10-21,11371.42664,0.0,11371.42664,CASH,0.0,0.13714266399999997,13306.609999999999,-0.14543023053955886
2019-10-22,11371.42664,0.0,11371.42664,CASH,0.0,0.13714266399999997,13306.609999999999,-0.14543023053955886
2019-10-23,11371.42664,0.0,11371.42664,CASH,0.0,0.13714266399999997,13306.609999999999,-0.14543023053955886
2019-10-24,11371.42664,0.0,11371.42664,CASH,0.0,0.13714266399999997,13306.609999999999,-0.14543023053955886
2019-10-25,11371.42664,0.0,11371.42664,CASH,0.0,0.13714266399999997,13306.609999999999,-0.14543023053955886
2019-10-28,11371.42664,0.0,11371.42664,CASH,0.0,0.13714266399999997,13306.609999999999,-0.14543023053955886
2019-10-29,11371.42664,0.0,11371.42664,CASH,0.0,0.13714266399999997,13306.609999999999,-0.14543023053955886
2019-10-30,11371.42664,0.0,11371.42664,CASH,0.0,0.13714266399999997,13306.609999999999,-0.14543023053955886
2019-10-31,11371.42664,0.0,11371.42664,CASH,0.0,0.13714266399999997,13306.609999999999,-0.14543023053955886
2019-11-01,11371.42664,0.0,11371.42664,CASH,0.0,0.13714266399999997,13306.609999999999,-0.14543023053955886
2019-11-04,11371.42664,0.0,11371.42664,CASH,0.0,0.13714266399999997,13306.609999999999,-0.14543023053955886
2019-11-05,11371.42664,0.0,11371.42664,CASH,0.0,0.13714266399999997,13306.609999999999,-0.14543023053955886
2019-11-06,11371.42664,0.0,11371.42664,CASH,0.0,0.13714266399999997,13306.609999999999,-0.14543023053955886
2019-11-07,11371.42664,0.0,11371.42664,CASH,0.0,0.13714266399999997,13306.609999999999,-0.14543023053955886
2019-11-08,11371.42664,0.0,11371.42664,CASH,0.0,0.13714266399999997,13306.609999999999,-0.14543023053955886
2019-11-11,11371.42664,0.0,11371.42664,CASH,0.0,0.13714266399999997,13306.609999999999,-0.14543023053955886
2019-11-12,11371.42664,0.0,11371.42664,CASH,0.0,0.13714266399999997,13306.609999999999,-0.14543023053955886
2019-11-13,11371.42664,0.0,11371.42664,CASH,0.0,0.13714266399999997,13306.609999999999,-0.14543023053955886
2019-11-14,11371.42664,0.0,11371.42664,CASH,0.0,0.13714266399999997,13306.609999999999,-0.14543023053955886
2019-11-15,11371.42664,0.0,11371.42664,CASH,0.0,0.13714266399999997,13306.609999999999,-0.14543023053955886
2019-11-18,11371.42664,0.0,11371.42664,CASH,0.0,0.13714266399999997,13306.609999999999,-0.14543023053955886
2019-11-19,11371.42664,0.0,11371.42664,CASH,0.0,0.13714266399999997,13306.609999999999,-0.14543023053955886
2019-11-20,11371.42664,0.0,11371.42664,CASH,0.0,0.13714266399999997,13306.609999999999,-0.14543023053955886
2019-11-21,11371.42664,0.0,11371.42664,CASH,0.0,0.13714266399999997,13306.609999999999,-0.14543023053955886
2019-11-22,11371.42664,0.0,11371.42664,CASH,0.0,0.13714266399999997,13306.609999999999,-0.14543023053955886
2019-11-25,11371.42664,0.0,11371.42664,CASH,0.0,0.13714266399999997,13306.609999999999,-0.14543023053955886
2019-11-26,11371.42664,0.0,11371.42664,CASH,0.0,0.13714266399999997,13306.609999999999,-0.14543023053955886
2019-11-27,11371.42664,0.0,11371.42664,CASH,0.0,0.13714266399999997,13306.609999999999,-0.14543023053955886
2019-11-28,11371.42664,0.0,11371.42664,CASH,0.0,0.13714266399999997,13306.609999999999,-0.14543023053955886
2019-11-29,11371.42664,0.0,11371.42664,CASH,0.0,0.13714266399999997,13306.609999999999,-0.14543023053955886
2019-12-02,11371.42664,0.0,11371.42664,CASH,0.0,0.13714266399999997,13306.609999999999,-0.14543023053955886
2019-12-03,11371.42664,0.0,11371.42664,CASH,0.0,0.13714266399999997,13306.609999999999,-0.14543023053955886
2019-12-04,11371.42664,0.0,11371.42664,CASH,0.0,0.13714266399999997,13306.609999999999,-0.14543023053955886
2019-12-05,11371.42664,0.0,11371.42664,CASH,0.0,0.13714266399999997,13306.609999999999,-0.14543023053955886
2019-12-06,11371.42664,0.0,11371.42664,CASH,0.0,0.13714266399999997,13306.609999999999,-0.14543023053955886
2019-12-09,11371.42664,0.0,11371.42664,CASH,0.0,0.13714266399999997,13306.609999999999,-0.14543023053955886
2019-12-10,11371.42664,0.0,11371.42664,CASH,0.0,0.13714266399999997,13306.609999999999,-0.14543023053955886
2019-12-11,11371.42664,0.0,11371.42664,CASH,0.0,0.13714266399999997,13306.609999999999,-0.14543023053955886
2019-12-12,11371.42664,0.0,11371.42664,CASH,0.0,0.13714266399999997,13306.609999999999,-0.14543023053955886
2019-12-13,11371.42664,0.0,11371.42664,CASH,0.0,0.13714266399999997,13306.609999999999,-0.14543023053955886
2019-12-16,11371.42664,0.0,11371.42664,CASH,0.0,0.13714266399999997,13306.609999999999,-0.14543023053955886
2019-12-17,11371.42664,0.0,11371.42664,CASH,0.0,0.13714266399999997,13306.609999999999,-0.14543023053955886
2019-12-18,11371.42664,0.0,11371.42664,CASH,0.0,0.13714266399999997,13306.609999999999,-0.14543023053955886
2019-12-19,11371.42664,0.0,11371.42664,CASH,0.0,0.13714266399999997,13306.609999999999,-0.14543023053955886
2019-12-20,11371.42664,0.0,11371.42664,CASH,0.0,0.13714266399999997,13306.609999999999,-0.14543023053955886
2019-12-23,11371.42664,0.0,11371.42664,CASH,0.0,0.13714266399999997,13306.609999999999,-0.14543023053955886
2019-12-24,11371.42664,0.0,11371.42664,CASH,0.0,0.13714266399999997,13306.609999999999,-0.14543023053955886
2019-12-25,11371.42664,0.0,11371.42664,CASH,0.0,0.13714266399999997,13306.609999999999,-0.14543023053955886
2019-12-26,11371.42664,0.0,11371.42664,CASH,0.0,0.13714266399999997,13306.609999999999,-0.14543023053955886
2019-12-27,11371.42664,0.0,11371.42664,CASH,0.0,0.13714266399999997,13306.609999999999,-0.14543023053955886
2019-12-30,11371.42664,0.0,11371.42664,CASH,0.0,0.13714266399999997,13306.609999999999,-0.14543023053955886
2019-12-31,11371.42664,0.0,11371.42664,CASH,0.0,0.13714266399999997,13306.609999999999,-0.14543023053955886
2020-01-02,35.82697999999982,11301.9,11337.72698,512480,-0.002963538443053304,0.13377269800000002,13306.609999999999,-0.14796278090362605
2020-01-03,35.82697999999982,11332.2,11368.02698,512480,0.0026724933536899087,0.1368026980000001,13306.609999999999,-0.14568571709849454
2020-01-06,35.82697999999982,11423.1,11458.92698,512480,0.00799611050887905,0.14589269799999993,13306.609999999999,-0.13885452568310025
2020-01-07,35.82697999999982,11332.2,11368.02698,512480,-0.0079326799235786,0.1368026980000001,13306.609999999999,-0.14568571709849454
2020-01-08,35.82697999999982,11059.5,11095.32698,512480,-0.023988331526637596,0.10953269799999998,13306.609999999999,-0.16617929134467752
2020-01-09,35.82697999999982,11362.5,11398.32698,512480,0.02730879410279452,0.13983269799999998,13306.609999999999,-0.14340865329336316
2020-01-10,35.82697999999982,11817.0,11852.82698,512480,0.039874272847013836,0.18528269799999997,13306.609999999999,-0.10925269621639164
2020-01-13,35.82697999999982,12513.9,12549.72698,512480,0.05879609996635593,0.254972698,13306.609999999999,-0.05688022869836866
2020-01-14,35.82697999999982,12271.5,12307.32698,512480,-0.019315161229109035,0.23073269799999996,13306.609999999999,-0.07509673913942011
2020-01-15,35.82697999999982,12635.099999999999,12670.926979999998,512480,0.02954337693236453,0.2670926979999999,13306.609999999999,-0.047771973477843004
2020-01-16,35.82697999999982,12604.8,12640.62698,512480,-0.002391300971730459,0.2640626979999998,13306.609999999999,-0.050049037282974385
2020-01-17,35.82697999999982,12544.199999999999,12580.026979999999,512480,-0.004794065998140917,0.25800269799999986,13306.609999999999,-0.05460316489323728
2020-01-20,35.82697999999982,13271.4,13307.22698,512480,0.057805917360600256,0.330722698,13307.22698,0.0
2020-01-21,35.82697999999982,13271.4,13307.22698,512480,0.0,0.330722698,13307.22698,0.0
2020-01-22,35.82697999999982,14089.5,14125.32698,512480,0.06147787222909451,0.4125326979999999,14125.32698,0.0
2020-01-23,35.82697999999982,13877.400000000001,13913.226980000001,512480,-0.01501558160744243,0.3913226980000002,14125.32698,-0.015015581607442445
2020-02-03,158.1939399999992,12320.0,12478.19394,518880,-0.10314163939557908,0.24781939399999997,14125.32698,-0.11660848929955182
2020-02-04,158.1939399999992,12222.0,12380.19394,518880,-0.007853700661427654,0.23801939399999994,14125.32698,-0.12354638179143947
2020-02-05,158.1939399999992,12141.5,12299.69394,518880,-0.0065023214006290075,0.22996939399999983,14125.32698,-0.12924536490977576
2020-02-06,158.1939399999992,12082.0,12240.19394,518880,-0.004837518745608671,0.22401939399999993,14125.32698,-0.1334576567798504
2020-02-07,158.1939399999992,12138.0,12296.19394,518880,0.004575090907424029,0.22961939399999998,14125.32698,-0.12949314678448604
2020-02-10,158.1939399999992,12183.5,12341.69394,518880,0.0037003320069624035,0.23416939400000003,14125.32698,-0.12627198241325246
2020-02-11,158.1939399999992,12152.0,12310.19394,518880,-0.00255232386681592,0.23101939399999982,14125.32698,-0.12850201928564492
2020-02-12,158.1939399999992,12127.5,12285.69394,518880,-0.0019902204725135153,0.22856939399999998,14125.32698,-0.13023649240861684
2020-02-13,158.1939399999992,12215.0,12373.19394,518880,0.00712210481779274,0.23731939400000002,14125.32698,-0.12404194554086001
2020-02-14,158.1939399999992,12229.0,12387.19394,518880,0.0011314782640512444,0.23871939399999986,14125.32698,-0.12305081804201892
2020-02-17,158.1939399999992,12267.5,12425.69394,518880,0.0031080485367778188,0.242569394,14125.32698,-0.12032521742020592
2020-02-18,158.1939399999992,12327.0,12485.19394,518880,0.004788464957153238,0.2485193939999999,14125.32698,-0.11611292555013128
2020-02-19,158.1939399999992,12467.0,12625.19394,518880,0.011213281962042077,0.2625193939999999,14125.32698,-0.10620165056172035
2020-02-20,158.1939399999992,12509.0,12667.19394,518880,0.003326681570168466,0.2667193939999999,14125.32698,-0.10322826806519707
2020-02-21,158.1939399999992,12761.0,12919.19394,518880,0.01989390872150798,0.291919394,14125.32698,-0.08538797308605742
2020-02-24,158.1939399999992,13037.5,13195.69394,518880,0.021402264048681063,0.31956939399999995,14125.32698,-0.06581320498394584
2020-02-25,158.1939399999992,12768.0,12926.19394,518880,-0.020423329097006948,0.2926193939999999,14125.32698,-0.08489240933663687
2020-02-26,158.1939399999992,12838.0,12996.19394,518880,0.005415360493964627,0.2996193939999998,14125.32698,-0.0799367718424314
2020-02-27,158.1939399999992,12841.5,12999.69394,518880,0.00026930961604287873,0.2999693939999999,14125.32698,-0.07968898996772113
2020-02-28,158.1939399999992,12680.5,12838.69394,518880,-0.012384906963432751,0.2838693939999999,14125.32698,-0.0910869562043937
2020-03-02,158.1939399999992,12397.0,12555.19394,518880,-0.022081685358721126,0.255519394,14125.32698,-0.11115728805592581
2020-03-03,158.1939399999992,12376.0,12534.19394,518880,-0.0016726145450526309,0.253419394,14125.32698,-0.11264397930418746
2020-03-04,158.1939399999992,12642.0,12800.19394,518880,0.021221947041294875,0.280019394,14125.32698,-0.09381255682620669
2020-03-05,158.1939399999992,12638.5,12796.69394,518880,-0.00027343335705742877,0.2796693939999999,14125.32698,-0.09406033870091697
2020-03-06,158.1939399999992,12901.0,13059.19394,518880,0.02051311074804052,0.305919394,14125.32698,-0.07547669809764648
2020-03-09,158.1939399999992,12806.5,12964.69394,518880,-0.007236281230999175,0.29646939399999983,14125.32698,-0.08216680871482386
2020-03-10,158.1939399999992,12642.0,12800.19394,518880,-0.012688305698637992,0.280019394,14125.32698,-0.09381255682620669
2020-03-11,158.1939399999992,12768.0,12926.19394,518880,0.009843600854066326,0.2926193939999999,14125.32698,-0.08489240933663687
2020-03-12,158.1939399999992,12628.0,12786.19394,518880,-0.010830720987929143,0.2786193939999999,14125.32698,-0.0948036843250478
2020-03-13,158.1939399999992,12257.0,12415.19394,518880,-0.029015671257681563,0.241519394,14125.32698,-0.12106856304433673
2020-03-16,158.1939399999992,11949.0,12107.19394,518880,-0.024808311613052414,0.21071939399999984,14125.32698,-0.14287336801884076
2020-03-17,11543.77724,0.0,11543.77724,CASH,-0.046535696280421535,0.15437772399999994,14125.32698,-0.18276035263857662
2020-03-18,11543.77724,0.0,11543.77724,CASH,0.0,0.15437772399999994,14125.32698,-0.18276035263857662
2020-03-19,11543.77724,0.0,11543.77724,CASH,0.0,0.15437772399999994,14125.32698,-0.18276035263857662
2020-03-20,11543.77724,0.0,11543.77724,CASH,0.0,0.15437772399999994,14125.32698,-0.18276035263857662
2020-03-23,11543.77724,0.0,11543.77724,CASH,0.0,0.15437772399999994,14125.32698,-0.18276035263857662
2020-03-24,11543.77724,0.0,11543.77724,CASH,0.0,0.15437772399999994,14125.32698,-0.18276035263857662
2020-03-25,11543.77724,0.0,11543.77724,CASH,0.0,0.15437772399999994,14125.32698,-0.18276035263857662
2020-03-26,11543.77724,0.0,11543.77724,CASH,0.0,0.15437772399999994,14125.32698,-0.18276035263857662
2020-03-27,11543.77724,0.0,11543.77724,CASH,0.0,0.15437772399999994,14125.32698,-0.18276035263857662
2020-03-30,11543.77724,0.0,11543.77724,CASH,0.0,0.15437772399999994,14125.32698,-0.18276035263857662
2020-03-31,11543.77724,0.0,11543.77724,CASH,0.0,0.15437772399999994,14125.32698,-0.18276035263857662
2020-04-01,247.58940000000075,11289.6,11537.189400000001,518880,-0.0005706832229204206,0.15371894000000008,14125.32698,-0.18322673759443117
2020-04-02,247.58940000000075,11337.6,11585.189400000001,518880,0.004160458698892366,0.15851894000000022,14125.32698,-0.17982858616983313
2020-04-03,247.58940000000075,11440.0,11687.5894,518880,0.008838871464630582,0.16875894000000002,14125.32698,-0.17257919646402403
2020-04-07,247.58940000000075,11763.2,12010.789400000001,518880,0.02765326441053806,0.20107894000000015,14125.32698,-0.14969831020506388
2020-04-08,247.58940000000075,11651.2,11898.789400000001,518880,-0.009324949116167214,0.18987894000000005,14125.32698,-0.15762733019579264
2020-04-09,247.58940000000075,11680.0,11927.5894,518880,0.0024204142986175015,0.19275894000000005,14125.32698,-0.15558843934103386
2020-04-10,247.58940000000075,11747.199999999999,11994.7894,518880,0.005633996757131721,0.19947893999999988,14125.32698,-0.1508310273465967
2020-04-13,247.58940000000075,11744.0,11991.5894,518880,-0.00026678250807798953,0.19915894,14125.32698,-0.15105757077490317
2020-04-14,247.58940000000075,11878.400000000001,12125.989400000002,518880,0.01120785539905178,0.21259894000000013,14125.32698,-0.14154274678602857
2020-04-15,247.58940000000075,11846.4,12093.9894,518880,-0.0026389599186027457,0.20939894000000003,14125.32698,-0.14380818106909404
2020-04-16,247.58940000000075,11936.0,12183.5894,518880,0.007408638873124929,0.2183589400000001,14125.32698,-0.13746496507651104
2020-04-17,247.58940000000075,11740.8,11988.3894,518880,-0.016021551087399666,0.1988389399999999,14125.32698,-0.15128411420320975
2020-04-20,247.58940000000075,11683.199999999999,11930.7894,518880,-0.00480464873788633,0.19307893999999992,14125.32698,-0.15536189591272742
2020-04-21,247.58940000000075,11788.800000000001,12036.389400000002,518880,0.008851048866892475,0.20363894000000027,14125.32698,-0.14788596277861157
2020-04-22,247.58940000000075,11756.8,12004.3894,518880,-0.0026586045812045933,0.20043893999999995,14125.32698,-0.15015139706167707
2020-04-23,247.58940000000075,11964.8,12212.3894,518880,0.01732699540719662,0.2212389400000001,14125.32698,-0.13542607422175226
2020-04-24,247.58940000000075,12060.800000000001,12308.389400000002,518880,0.007860869552685612,0.23083894000000016,14125.32698,-0.12862977137255607
2020-04-27,247.58940000000075,11971.2,12218.789400000001,518880,-0.007279587693252543,0.22187894000000008,14125.32698,-0.1349729873651391
2020-04-28,247.58940000000075,11884.8,12132.3894,518880,-0.0070710769431873155,0.2132389400000001,14125.32698,-0.14108965992941566
2020-04-29,247.58940000000075,11945.6,12193.189400000001,518880,0.00501137887974501,0.21931894000000018,14125.32698,-0.1367853347915914
2020-04-30,247.58940000000075,11987.2,12234.789400000001,518880,0.00341174065581229,0.22347894000000013,14125.32698,-0.13384027022360642
2020-05-06,9.7394200000017,12150.0,12159.739420000002,512690,-0.006134145635559474,0.2159739420000002,14125.32698,-0.1391534201497117
2020-05-07,9.7394200000017,12441.6,12451.339420000002,512690,0.023980777048592472,0.24513394200000027,14125.32698,-0.11850965024527862
2020-05-08,9.7394200000017,12733.2,12742.939420000002,512690,0.023419167220806614,0.27429394200000035,14125.32698,-0.09786588034084556
2020-05-11,9.7394200000017,12781.800000000001,12791.539420000003,512690,0.0038138767201327806,0.2791539420000002,14125.32698,-0.09442525202344003
2020-05-12,9.7394200000017,13024.800000000001,13034.539420000003,512690,0.018996931645307802,0.3034539420000002,14125.32698,-0.0772221104364125
2020-05-13,9.7394200000017,13948.199999999999,13957.93942,512690,0.07084254918767185,0.39579394200000007,14125.32698,-0.011850172405708036
2020-05-14,9.7394200000017,13899.599999999999,13909.33942,512690,-0.0034818893059789247,0.390933942,14125.32698,-0.015290800723113568
2020-05-15,9.7394200000017,13656.600000000002,13666.339420000004,512690,-0.017470276097410586,0.36663394200000043,14125.32698,-0.03249394231014084
2020-05-18,9.7394200000017,14434.199999999999,14443.93942,512690,0.056898923413391644,0.44439394200000004,14443.93942,0.0
2020-05-19,9.7394200000017,14628.6,14638.339420000002,512690,0.013458932106210852,0.46383394200000017,14638.339420000002,0.0
2020-05-20,9.7394200000017,14337.0,14346.739420000002,512690,-0.019920292297744835,0.4346739420000001,14638.339420000002,-0.019920292297744818
2020-05-21,9.7394200000017,14628.6,14638.339420000002,512690,0.02032517573947823,0.46383394200000017,14638.339420000002,0.0
2020-05-22,9.7394200000017,13510.800000000001,13520.539420000003,512690,-0.07636112047468835,0.3520539420000002,14638.339420000002,-0.07636112047468832
2020-05-25,9.7394200000017,14239.8,14249.539420000001,512690,0.053917967127971034,0.42495394200000014,14638.339420000002,-0.026560389730326463
2020-05-26,9.7394200000017,14628.6,14638.339420000002,512690,0.02728509241879773,0.46383394200000017,14638.339420000002,0.0
2020-05-27,9.7394200000017,14385.599999999999,14395.33942,512690,-0.016600243581454066,0.43953394199999996,14638.339420000002,-0.016600243581454118
2020-05-28,9.7394200000017,14823.0,14832.739420000002,512690,0.030384834093755808,0.48327394200000007,14832.739420000002,0.0
2020-05-29,9.7394200000017,15260.4,15270.139420000001,512690,0.029488821155330358,0.5270139420000002,15270.139420000001,0.0
2020-06-01,9.7394200000017,16135.2,16144.939420000002,512690,0.05728827851134333,0.6144939420000002,16144.939420000002,0.0
2020-06-02,9.7394200000017,15552.0,15561.739420000002,512690,-0.036122774129306756,0.5561739420000003,16144.939420000002,-0.03612277412930674
2020-06-03,9.7394200000017,15600.6,15610.339420000002,512690,0.0031230441975875767,0.5610339420000001,16144.939420000002,-0.0331125429518645
2020-06-04,9.7394200000017,16232.400000000001,16242.139420000003,512690,0.040473175054127175,0.6242139420000004,16242.139420000003,0.0
2020-06-05,9.7394200000017,16669.800000000003,16679.539420000005,512690,0.02692994984770314,0.6679539420000005,16679.539420000005,0.0
2020-06-08,9.7394200000017,16718.399999999998,16728.13942,512690,0.0029137495212678832,0.6728139419999999,16728.13942,0.0
2020-06-09,9.7394200000017,17058.6,17068.33942,512690,0.020336989754716095,0.706833942,17068.33942,0.0
2020-06-10,9.7394200000017,17204.399999999998,17214.13942,512690,0.008542131510998363,0.7214139419999999,17214.13942,0.0
2020-06-11,9.7394200000017,16572.600000000002,16582.339420000004,512690,-0.0367023866012115,0.6582339420000003,17214.13942,-0.036702386601211556
2020-06-12,9.7394200000017,16767.0,16776.73942,512690,0.011723315696066994,0.6776739420000002,17214.13942,-0.025409344570069586
2020-06-15,9.7394200000017,16086.6,16096.339420000002,512690,-0.040556152358716124,0.6096339420000003,17214.13942,-0.0649349916790669
2020-06-16,9.7394200000017,16718.399999999998,16728.13942,512690,0.03925116037345577,0.6728139419999999,17214.13942,-0.028232605077855237
2020-06-17,9.7394200000017,16281.000000000002,16290.739420000004,512690,-0.026147558256063075,0.6290739420000004,17214.13942,-0.05364194964792472
2020-06-18,9.7394200000017,16329.6,16339.339420000002,512690,0.002983289999736405,0.6339339420000003,17214.13942,-0.05081868914013928
2020-06-19,9.7394200000017,17155.8,17165.53942,512690,0.05056507969891966,0.716553942,17214.13942,-0.0028232605077854393
2020-06-22,9.7394200000017,17350.2,17359.939420000002,512690,0.011325015500153857,0.7359939420000003,17359.939420000002,0.0
2020-06-23,9.7394200000017,18419.4,18429.139420000003,512690,0.06159007667781369,0.8429139420000002,18429.139420000003,0.0
2020-06-24,9.7394200000017,18419.4,18429.139420000003,512690,0.0,0.8429139420000002,18429.139420000003,0.0
2020-06-29,9.7394200000017,18468.0,18477.73942,512690,0.002637128022769053,0.8477739420000001,18477.73942,0.0
2020-06-30,9.7394200000017,19488.600000000002,19498.339420000004,512690,0.055234029271747476,0.9498339420000004,19498.339420000004,0.0
2020-07-01,9.7394200000017,21627.0,21636.73942,512690,0.10967087780852669,1.163673942,21636.73942,0.0
2020-07-02,9.7394200000017,22258.8,22268.53942,512690,0.029200333180330995,1.226853942,22268.53942,0.0
2020-07-03,9.7394200000017,21821.4,21831.139420000003,512690,-0.019642060565820296,1.1831139420000003,22268.53942,-0.01964206056582034
2020-07-06,9.7394200000017,22793.399999999998,22803.13942,512690,0.04452355790048812,1.2803139419999998,22803.13942,0.0
2020-07-07,9.7394200000017,23668.2,23677.939420000002,512690,0.03836313868399799,1.367793942,23677.939420000002,0.0
2020-07-08,9.7394200000017,23814.0,23823.73942,512690,0.006157630417655602,1.382373942,23823.73942,0.0
2020-07-09,9.7394200000017,24397.2,24406.939420000002,512690,0.024479784206773436,1.4406939420000002,24406.939420000002,0.0
2020-07-10,9.7394200000017,24883.2,24892.939420000002,512690,0.019912369659988993,1.4892939420000002,24892.939420000002,0.0
2020-07-13,9.7394200000017,27653.399999999998,27663.13942,512690,0.11128456761415273,1.766313942,27663.13942,0.0
2020-07-14,9.7394200000017,27216.000000000004,27225.739420000005,512690,-0.01581165439537069,1.7225739420000004,27663.13942,-0.015811654395370654
2020-07-15,9.7394200000017,28090.8,28100.53942,512690,0.03213135873023787,1.8100539420000001,28100.53942,0.0
2020-07-16,9.7394200000017,24202.8,24212.53942,512690,-0.1383603332978296,1.4212539419999999,28100.53942,-0.13836033329782962
2020-07-17,9.7394200000017,23959.8,23969.53942,512690,-0.01003612201862969,1.3969539420000001,28100.53942,-0.14700785412894396
2020-07-20,9.7394200000017,23668.2,23677.939420000002,512690,-0.012165440265268113,1.367793942,28100.53942,-0.15738487912628113
2020-07-21,9.7394200000017,24494.4,24504.139420000003,512690,0.03489323903338204,1.4504139420000004,28100.53942,-0.12798330830049232
2020-07-22,9.7394200000017,25272.0,25281.73942,512690,0.03173341396210505,1.528173942,28100.53942,-0.10031124164092645
2020-07-23,9.7394200000017,25515.0,25524.73942,512690,0.009611680429225888,1.5524739420000002,28100.53942,-0.0916637208098121
2020-07-24,9.7394200000017,23425.2,23434.939420000002,512690,-0.08187350968067197,1.3434939420000003,28100.53942,-0.1660323999573955
2020-07-27,9.7394200000017,23619.6,23629.33942,512690,0.008295306273934377,1.3629339420000002,28100.53942,-0.1591143832925041
2020-07-28,9.7394200000017,24737.4,24747.139420000003,512690,0.04730559666233791,1.4747139420000002,28100.53942,-0.11933578746937797
2020-07-29,9.7394200000017,25174.8,25184.53942,512690,0.017674770104802562,1.5184539420000003,28100.53942,-0.10377024997337221
2020-07-30,9.7394200000017,25466.4,25476.139420000003,512690,0.0115785321755153,1.5476139420000004,28100.53942,-0.09339322497603492
2020-07-31,9.7394200000017,25417.8,25427.53942,512690,-0.0019076673745099804,1.542753942,28100.53942,-0.09512272914225786
2020-08-03,9.7394200000017,25709.4,25719.139420000003,512690,0.011467881149783699,1.5719139420000001,28100.53942,-0.08474570414492057
2020-08-04,9.7394200000017,25515.0,25524.73942,512690,-0.0075585732798209015,1.5524739420000002,28100.53942,-0.0916637208098121
2020-08-05,9.7394200000017,25369.2,25378.939420000002,512690,-0.005712105326558525,1.5378939420000002,28100.53942,-0.09685223330848068
2020-08-06,9.7394200000017,24543.0,24552.73942,512690,-0.03255455187969403,1.4552739420000003,28100.53942,-0.1262538041342695
2020-08-07,9.7394200000017,23425.2,23434.939420000002,512690,-0.045526488139627674,1.3434939420000003,28100.53942,-0.1660323999573955
2020-08-10,9.7394200000017,23862.6,23872.33942,512690,0.018664439116352405,1.387233942,28100.53942,-0.15046686246138974
2020-08-11,9.7394200000017,24105.6,24115.33942,512690,0.01017914481378468,1.4115339420000002,28100.53942,-0.14181934163027538
2020-08-12,9.7394200000017,23279.399999999998,23289.13942,512690,-0.034260351289718716,1.3289139419999998,28100.53942,-0.17122091245606422
2020-08-13,9.7394200000017,23716.8,23726.53942,512690,0.018781286509211848,1.372653942,28100.53942,-0.15565537496005832
2020-08-14,9.7394200000017,24931.8,24941.53942,512690,0.051208479184108535,1.494153942,28100.53942,-0.11241777080448656
2020-08-17,9.7394200000017,26049.600000000002,26059.339420000004,512690,0.04481680064638138,1.6059339420000005,28100.53942,-0.07263917498136045
2020-08-18,9.7394200000017,26487.000000000004,26496.739420000005,512690,0.016784769289443613,1.6496739420000006,28100.53942,-0.057073637485354566
2020-08-19,9.7394200000017,26632.800000000003,26642.539420000005,512690,0.005502563832059604,1.6642539420000007,28100.53942,-0.05188512498668598
2020-08-20,9.7394200000017,25515.0,25524.73942,512690,-0.04195546011507045,1.5524739420000002,28100.53942,-0.0916637208098121
2020-08-21,9.7394200000017,26487.000000000004,26496.739420000005,512690,0.038080702177056835,1.6496739420000006,28100.53942,-0.057073637485354566
2020-08-24,9.7394200000017,27410.399999999998,27420.13942,512690,0.034849570936377194,1.7420139419999998,28100.53942,-0.024213058327120236
2020-08-25,9.7394200000017,29062.8,29072.53942,512690,0.06026227564673703,1.907253942,29072.53942,0.0
2020-08-26,9.7394200000017,29014.199999999997,29023.93942,512690,-0.0016716805951449976,1.9023939419999998,29072.53942,-0.0016716805951450036
2020-08-27,9.7394200000017,29500.2,29509.939420000002,512690,0.016744797905177133,1.9509939420000002,29509.939420000002,0.0
2020-08-28,9.7394200000017,31298.4,31308.139420000003,512690,0.060935401269624156,2.1308139420000005,31308.139420000003,0.0
2020-08-31,9.7394200000017,31930.2,31939.939420000002,512690,0.02018005578435611,2.193993942,31939.939420000002,0.0
2020-09-01,9.7394200000017,30909.600000000002,30919.339420000004,512690,-0.03195372372437644,2.0919339420000003,31939.939420000002,-0.03195372372437638
2020-09-02,9.7394200000017,30472.2,30481.939420000002,512690,-0.014146485927738484,2.048193942,31939.939420000002,-0.04564817674910918
2020-09-03,9.7394200000017,31249.8,31259.53942,512690,0.02551018782911818,2.125953942,31939.939420000002,-0.021302482482917665
2020-09-04,9.7394200000017,29986.2,29995.939420000002,512690,-0.04042286045940724,1.9995939420000002,31939.939420000002,-0.06086423566547891
2020-09-07,9.7394200000017,29014.199999999997,29023.93942,512690,-0.03240438602005968,1.9023939419999998,31939.939420000002,-0.09129635349821848
2020-09-08,9.7394200000017,28042.199999999997,28051.93942,512690,-0.033489595810354045,1.8051939419999998,31939.939420000002,-0.12172847133095793
2020-09-09,9.7394200000017,26973.000000000004,26982.739420000005,512690,-0.03811501172848297,1.6982739420000006,31939.939420000002,-0.15520380094697114
2020-09-10,9.7394200000017,27701.999999999996,27711.739419999998,512690,0.027017271621414762,1.771173942,31939.939420000002,-0.13237971257241676
2020-09-11,9.7394200000017,29160.0,29169.73942,512690,0.05261308133360054,1.9169739420000003,31939.939420000002,-0.08673153582330748
2020-09-14,9.7394200000017,29694.6,29704.33942,512690,0.018327212057076325,1.970433942,31939.939420000002,-0.06999387101530082
2020-09-15,9.7394200000017,29646.0,29655.73942,512690,-0.0016361245847896777,1.9655739420000002,31939.939420000002,-0.07151547690693774
2020-09-16,9.7394200000017,28819.8,28829.53942,512690,-0.02785969988132575,1.8829539419999999,31939.939420000002,-0.09738277706476631
2020-09-17,9.7394200000017,27799.199999999997,27808.93942,512690,-0.03540118990912422,1.780893942,31939.939420000002,-0.1293365007891428
2020-09-18,9.7394200000017,28431.0,28440.73942,512690,0.02271931304023833,1.844073942,31939.939420000002,-0.10955562419786206
2020-09-21,9.7394200000017,27653.399999999998,27663.13942,512690,-0.027341061303532088,1.766313942,31939.939420000002,-0.1339013184640537
2020-09-22,9.7394200000017,27264.600000000002,27274.339420000004,512690,-0.014054803906996205,1.7274339420000002,31939.939420000002,-0.14607416559714934
2020-09-23,9.7394200000017,27313.200000000004,27322.939420000006,512690,0.0017818946685237425,1.7322939420000005,31939.939420000002,-0.1445525597055123
2020-09-24,9.7394200000017,26389.800000000003,26399.539420000005,512690,-0.03379577818498125,1.6399539420000004,31939.939420000002,-0.17346307164661484
2020-09-25,26683.135000000002,0.0,26683.135000000002,CASH,0.010742444233142523,1.6683135,31939.939420000002,-0.1645840447871457
2020-09-28,26683.135000000002,0.0,26683.135000000002,CASH,0.0,1.6683135,31939.939420000002,-0.1645840447871457
2020-09-29,26683.135000000002,0.0,26683.135000000002,CASH,0.0,1.6683135,31939.939420000002,-0.1645840447871457
2020-09-30,26683.135000000002,0.0,26683.135000000002,CASH,0.0,1.6683135,31939.939420000002,-0.1645840447871457
2020-10-09,26683.135000000002,0.0,26683.135000000002,CASH,0.0,1.6683135,31939.939420000002,-0.1645840447871457
2020-10-12,26683.135000000002,0.0,26683.135000000002,CASH,0.0,1.6683135,31939.939420000002,-0.1645840447871457
2020-10-13,26683.135000000002,0.0,26683.135000000002,CASH,0.0,1.6683135,31939.939420000002,-0.1645840447871457
2020-10-14,26683.135000000002,0.0,26683.135000000002,CASH,0.0,1.6683135,31939.939420000002,-0.1645840447871457
2020-10-15,26683.135000000002,0.0,26683.135000000002,CASH,0.0,1.6683135,31939.939420000002,-0.1645840447871457
2020-10-16,26683.135000000002,0.0,26683.135000000002,CASH,0.0,1.6683135,31939.939420000002,-0.1645840447871457
2020-10-19,26683.135000000002,0.0,26683.135000000002,CASH,0.0,1.6683135,31939.939420000002,-0.1645840447871457
2020-10-20,26683.135000000002,0.0,26683.135000000002,CASH,0.0,1.6683135,31939.939420000002,-0.1645840447871457
2020-10-21,26683.135000000002,0.0,26683.135000000002,CASH,0.0,1.6683135,31939.939420000002,-0.1645840447871457
2020-10-22,26683.135000000002,0.0,26683.135000000002,CASH,0.0,1.6683135,31939.939420000002,-0.1645840447871457
2020-10-23,26683.135000000002,0.0,26683.135000000002,CASH,0.0,1.6683135,31939.939420000002,-0.1645840447871457
2020-10-26,26683.135000000002,0.0,26683.135000000002,CASH,0.0,1.6683135,31939.939420000002,-0.1645840447871457
2020-10-27,26683.135000000002,0.0,26683.135000000002,CASH,0.0,1.6683135,31939.939420000002,-0.1645840447871457
2020-10-28,26683.135000000002,0.0,26683.135000000002,CASH,0.0,1.6683135,31939.939420000002,-0.1645840447871457
2020-10-29,26683.135000000002,0.0,26683.135000000002,CASH,0.0,1.6683135,31939.939420000002,-0.1645840447871457
2020-10-30,26683.135000000002,0.0,26683.135000000002,CASH,0.0,1.6683135,31939.939420000002,-0.1645840447871457
2020-11-02,26683.135000000002,0.0,26683.135000000002,CASH,0.0,1.6683135,31939.939420000002,-0.1645840447871457
2020-11-03,26683.135000000002,0.0,26683.135000000002,CASH,0.0,1.6683135,31939.939420000002,-0.1645840447871457
2020-11-04,26683.135000000002,0.0,26683.135000000002,CASH,0.0,1.6683135,31939.939420000002,-0.1645840447871457
2020-11-05,26683.135000000002,0.0,26683.135000000002,CASH,0.0,1.6683135,31939.939420000002,-0.1645840447871457
2020-11-06,26683.135000000002,0.0,26683.135000000002,CASH,0.0,1.6683135,31939.939420000002,-0.1645840447871457
2020-11-09,26683.135000000002,0.0,26683.135000000002,CASH,0.0,1.6683135,31939.939420000002,-0.1645840447871457
2020-11-10,26683.135000000002,0.0,26683.135000000002,CASH,0.0,1.6683135,31939.939420000002,-0.1645840447871457
2020-11-11,26683.135000000002,0.0,26683.135000000002,CASH,0.0,1.6683135,31939.939420000002,-0.1645840447871457
2020-11-12,26683.135000000002,0.0,26683.135000000002,CASH,0.0,1.6683135,31939.939420000002,-0.1645840447871457
2020-11-13,26683.135000000002,0.0,26683.135000000002,CASH,0.0,1.6683135,31939.939420000002,-0.1645840447871457
2020-11-16,26683.135000000002,0.0,26683.135000000002,CASH,0.0,1.6683135,31939.939420000002,-0.1645840447871457
2020-11-17,26683.135000000002,0.0,26683.135000000002,CASH,0.0,1.6683135,31939.939420000002,-0.1645840447871457
2020-11-18,26683.135000000002,0.0,26683.135000000002,CASH,0.0,1.6683135,31939.939420000002,-0.1645840447871457
2020-11-19,26683.135000000002,0.0,26683.135000000002,CASH,0.0,1.6683135,31939.939420000002,-0.1645840447871457
2020-11-20,26683.135000000002,0.0,26683.135000000002,CASH,0.0,1.6683135,31939.939420000002,-0.1645840447871457
2020-11-23,26683.135000000002,0.0,26683.135000000002,CASH,0.0,1.6683135,31939.939420000002,-0.1645840447871457
2020-11-24,26683.135000000002,0.0,26683.135000000002,CASH,0.0,1.6683135,31939.939420000002,-0.1645840447871457
2020-11-25,26683.135000000002,0.0,26683.135000000002,CASH,0.0,1.6683135,31939.939420000002,-0.1645840447871457
2020-11-26,26683.135000000002,0.0,26683.135000000002,CASH,0.0,1.6683135,31939.939420000002,-0.1645840447871457
2020-11-27,26683.135000000002,0.0,26683.135000000002,CASH,0.0,1.6683135,31939.939420000002,-0.1645840447871457
2020-11-30,26683.135000000002,0.0,26683.135000000002,CASH,0.0,1.6683135,31939.939420000002,-0.1645840447871457
2020-12-01,68.15290000000095,26570.8,26638.9529,512690,-0.0016558061861922102,1.6638952900000001,31939.939420000002,-0.1659673316938308
2020-12-02,68.15290000000095,26570.8,26638.9529,512690,0.0,1.6638952900000001,31939.939420000002,-0.1659673316938308
2020-12-03,68.15290000000095,27077.6,27145.7529,512690,0.01902477180324902,1.71457529,31939.939420000002,-0.15010005050285102
2020-12-04,68.15290000000095,28489.4,28557.552900000002,512690,0.05200813568151208,1.8557552900000003,31939.939420000002,-0.10589833861369295
2020-12-07,68.15290000000095,28525.600000000002,28593.752900000003,512690,0.0012676156156223861,1.8593752900000005,31939.939420000002,-0.1047649613857658
2020-12-08,68.15290000000095,29575.399999999998,29643.5529,512690,0.03671431321629681,1.9643552899999999,31939.939420000002,-0.07189702177587923
2020-12-09,68.15290000000095,29285.800000000003,29353.952900000004,512690,-0.009769409253234107,1.9353952900000002,31939.939420000002,-0.0809640395992961
2020-12-10,68.15290000000095,29611.6,29679.7529,512690,0.01109901624186338,1.96797529,31939.939420000002,-0.07076364454795209
2020-12-11,68.15290000000095,29973.6,30041.7529,512690,0.012196867043323678,2.00417529,31939.939420000002,-0.0594298722686808
2020-12-14,68.15290000000095,31204.399999999998,31272.5529,512690,0.04096964661472868,2.12725529,31939.939420000002,-0.020895046519158477
2020-12-15,68.15290000000095,30878.6,30946.7529,512690,-0.01041808134570299,2.09467529,31939.939420000002,-0.031095441570502605
2020-12-16,68.15290000000095,31892.2,31960.3529,512690,0.03275303238680016,2.19603529,31960.3529,0.0
2020-12-17,68.15290000000095,32833.4,32901.5529,512690,0.0294489864659786,2.2901552900000004,32901.5529,0.0
2020-12-18,68.15290000000095,32833.4,32901.5529,512690,0.0,2.2901552900000004,32901.5529,0.0
2020-12-21,68.15290000000095,33086.8,33154.952900000004,512690,0.007701764131625488,2.3154952900000003,33154.952900000004,0.0
2020-12-22,68.15290000000095,33991.799999999996,34059.9529,512690,0.02729607255753308,2.4059952899999995,34059.9529,0.0
2020-12-23,68.15290000000095,33666.0,33734.1529,512690,-0.009565485922911954,2.37341529,34059.9529,-0.009565485922911997
2020-12-24,68.15290000000095,32399.0,32467.1529,512690,-0.037558376039731556,2.24671529,34059.9529,-0.04676459784534804
2020-12-25,68.15290000000095,32399.0,32467.1529,512690,0.0,2.24671529,34059.9529,-0.04676459784534804
2020-12-28,68.15290000000095,34534.799999999996,34602.9529,512690,0.06578340905278446,2.4602952899999995,34602.9529,0.0
2020-12-29,68.15290000000095,33991.799999999996,34059.9529,512690,-0.015692302375731604,2.4059952899999995,34602.9529,-0.015692302375731642
2020-12-30,68.15290000000095,35005.4,35073.5529,512690,0.02975928953794904,2.5073552900000005,35073.5529,0.0
2020-12-31,68.15290000000095,36019.0,36087.1529,512690,0.028899267858318423,2.60871529,36087.1529,0.0
2021-01-04,68.15290000000095,38010.0,38078.1529,512690,0.055171988921298265,2.80781529,38078.1529,0.0
2021-01-05,68.15290000000095,40109.600000000006,40177.75290000001,512690,0.05513922919302128,3.0177752900000003,40177.75290000001,0.0
2021-01-06,68.15290000000095,40254.4,40322.5529,512690,0.003603984532444926,3.03225529,40322.5529,0.0
2021-01-07,68.15290000000095,40797.4,40865.5529,512690,0.013466409265966872,3.0865552900000006,40865.5529,0.0
2021-01-08,68.15290000000095,39385.600000000006,39453.75290000001,512690,-0.034547434203441196,2.9453752900000008,40865.5529,-0.034547434203441196
2021-01-11,68.15290000000095,37539.399999999994,37607.552899999995,512690,-0.04679402754610984,2.7607552899999996,40865.5529,-0.0797248481617878
2021-01-12,68.15290000000095,39023.600000000006,39091.75290000001,512690,0.039465476627701834,2.9091752900000007,40865.5529,-0.043405750665862046
2021-01-13,68.15290000000095,38372.0,38440.1529,512690,-0.01666847740665023,2.84401529,40865.5529,-0.05935072029821971
2021-01-14,68.15290000000095,36670.6,36738.7529,512690,-0.044261010210497886,2.67387529,40865.5529,-0.10098480767159773
2021-01-15,68.15290000000095,35295.0,35363.1529,512690,-0.03744275162916588,2.53631529,40865.5529,-0.13464641022879692
2021-01-18,68.15290000000095,34896.799999999996,34964.9529,512690,-0.011260308183663192,2.4964952899999995,40865.5529,-0.14439055833745995
2021-01-19,68.15290000000095,33883.200000000004,33951.352900000005,512690,-0.028989028038987952,2.3951352900000007,40865.5529,-0.16919384443223812
2021-01-20,68.15290000000095,34353.799999999996,34421.9529,512690,0.013861008761155702,2.4421952899999995,40865.5529,-0.1576780330310912
2021-01-21,68.15290000000095,35657.0,35725.1529,512690,0.03785956025754733,2.57251529,40865.5529,-0.12578809376637606
2021-01-22,68.15290000000095,35331.2,35399.3529,512690,-0.009119625069540338,2.53993529,40865.5529,-0.13376057858255488
2021-01-25,68.15290000000095,38516.8,38584.952900000004,512690,0.08999034555798358,2.8584952900000005,40865.5529,-0.0558073937132513
2021-01-26,68.15290000000095,37105.0,37173.1529,512690,-0.036589392856301806,2.71731529,40865.5529,-0.09035482791669268
2021-01-27,68.15290000000095,35620.8,35688.952900000004,512690,-0.039926664385791066,2.5688952900000004,40865.5529,-0.12667392541261807
2021-01-28,68.15290000000095,34860.6,34928.7529,512690,-0.021300708993342465,2.4928752899999997,40865.5529,-0.14527638998370196
2021-01-29,68.15290000000095,35801.8,35869.952900000004,512690,0.02694628126846199,2.5869952900000004,40865.5529,-0.12224476718140766
2021-02-01,68.15290000000095,35620.8,35688.952900000004,512690,-0.00504600606821537,2.5688952900000004,40865.5529,-0.12667392541261807
2021-02-02,68.15290000000095,37648.0,37716.1529,512690,0.05680189064891272,2.77161529,40865.5529,-0.07706735322306141
2021-02-03,68.15290000000095,37792.8,37860.952900000004,512690,0.0038392038653549676,2.7860952900000004,40865.5529,-0.07352402663809299
2021-02-04,68.15290000000095,38118.6,38186.7529,512690,0.008605171688639501,2.81867529,40865.5529,-0.06555154182191433
2021-02-05,68.15290000000095,38625.4,38693.5529,512690,0.013271618074654379,2.86935529,40865.5529,-0.053149898774525084
2021-02-08,68.15290000000095,38734.0,38802.1529,512690,0.002806669118255112,2.88021529,40865.5529,-0.050492403835798866
2021-02-09,68.15290000000095,40001.0,40069.1529,512690,0.032652827364122894,3.0069152900000002,40865.5529,-0.0194882962173259
2021-02-10,68.15290000000095,42462.6,42530.7529,512690,0.061433791878340305,3.25307529,42530.7529,0.0
2021-02-18,68.15290000000095,40544.00000000001,40612.15290000001,512690,-0.045110887279872,3.0612152900000007,42530.7529,-0.04511088727987205
2021-02-19,68.15290000000095,40182.0,40250.1529,512690,-0.008913588030936559,3.02501529,42530.7529,-0.053622375445885856
2021-02-22,68.15290000000095,36163.8,36231.952900000004,512690,-0.099830676668063,2.6231952900000004,42530.7529,-0.1480998940886371
2021-02-23,68.15290000000095,36200.0,36268.1529,512690,0.0009991181016355544,2.62681529,42530.7529,-0.14724874527203582
2021-02-24,68.15290000000095,33521.200000000004,33589.352900000005,512690,-0.07386094371516772,2.3589352900000007,42530.7529,-0.2102337577005366
2021-02-25,32638.3789,0.0,32638.3789,CASH,-0.028311768995109343,2.26383789,42530.7529,-0.23259343711265454
2021-02-26,32638.3789,0.0,32638.3789,CASH,0.0,2.26383789,42530.7529,-0.23259343711265454
2021-03-01,32638.3789,0.0,32638.3789,CASH,0.0,2.26383789,42530.7529,-0.23259343711265454
2021-03-02,32638.3789,0.0,32638.3789,CASH,0.0,2.26383789,42530.7529,-0.23259343711265454
2021-03-03,32638.3789,0.0,32638.3789,CASH,0.0,2.26383789,42530.7529,-0.23259343711265454
2021-03-04,32638.3789,0.0,32638.3789,CASH,0.0,2.26383789,42530.7529,-0.23259343711265454
2021-03-05,32638.3789,0.0,32638.3789,CASH,0.0,2.26383789,42530.7529,-0.23259343711265454
2021-03-08,32638.3789,0.0,32638.3789,CASH,0.0,2.26383789,42530.7529,-0.23259343711265454
2021-03-09,32638.3789,0.0,32638.3789,CASH,0.0,2.26383789,42530.7529,-0.23259343711265454
2021-03-10,32638.3789,0.0,32638.3789,CASH,0.0,2.26383789,42530.7529,-0.23259343711265454
2021-03-11,32638.3789,0.0,32638.3789,CASH,0.0,2.26383789,42530.7529,-0.23259343711265454
2021-03-12,32638.3789,0.0,32638.3789,CASH,0.0,2.26383789,42530.7529,-0.23259343711265454
2021-03-15,32638.3789,0.0,32638.3789,CASH,0.0,2.26383789,42530.7529,-0.23259343711265454
2021-03-16,32638.3789,0.0,32638.3789,CASH,0.0,2.26383789,42530.7529,-0.23259343711265454
2021-03-17,32638.3789,0.0,32638.3789,CASH,0.0,2.26383789,42530.7529,-0.23259343711265454
2021-03-18,32638.3789,0.0,32638.3789,CASH,0.0,2.26383789,42530.7529,-0.23259343711265454
2021-03-19,32638.3789,0.0,32638.3789,CASH,0.0,2.26383789,42530.7529,-0.23259343711265454
2021-03-22,32638.3789,0.0,32638.3789,CASH,0.0,2.26383789,42530.7529,-0.23259343711265454
2021-03-23,32638.3789,0.0,32638.3789,CASH,0.0,2.26383789,42530.7529,-0.23259343711265454
2021-03-24,32638.3789,0.0,32638.3789,CASH,0.0,2.26383789,42530.7529,-0.23259343711265454
2021-03-25,32638.3789,0.0,32638.3789,CASH,0.0,2.26383789,42530.7529,-0.23259343711265454
2021-03-26,32638.3789,0.0,32638.3789,CASH,0.0,2.26383789,42530.7529,-0.23259343711265454
2021-03-29,32638.3789,0.0,32638.3789,CASH,0.0,2.26383789,42530.7529,-0.23259343711265454
2021-03-30,32638.3789,0.0,32638.3789,CASH,0.0,2.26383789,42530.7529,-0.23259343711265454
2021-03-31,32638.3789,0.0,32638.3789,CASH,0.0,2.26383789,42530.7529,-0.23259343711265454
2021-04-01,32638.3789,0.0,32638.3789,CASH,0.0,2.26383789,42530.7529,-0.23259343711265454
2021-04-02,32638.3789,0.0,32638.3789,CASH,0.0,2.26383789,42530.7529,-0.23259343711265454
2021-04-06,32638.3789,0.0,32638.3789,CASH,0.0,2.26383789,42530.7529,-0.23259343711265454
2021-04-07,32638.3789,0.0,32638.3789,CASH,0.0,2.26383789,42530.7529,-0.23259343711265454
2021-04-08,32638.3789,0.0,32638.3789,CASH,0.0,2.26383789,42530.7529,-0.23259343711265454
2021-04-09,32638.3789,0.0,32638.3789,CASH,0.0,2.26383789,42530.7529,-0.23259343711265454
2021-04-12,32638.3789,0.0,32638.3789,CASH,0.0,2.26383789,42530.7529,-0.23259343711265454
2021-04-13,32638.3789,0.0,32638.3789,CASH,0.0,2.26383789,42530.7529,-0.23259343711265454
2021-04-14,32638.3789,0.0,32638.3789,CASH,0.0,2.26383789,42530.7529,-0.23259343711265454
2021-04-15,32638.3789,0.0,32638.3789,CASH,0.0,2.26383789,42530.7529,-0.23259343711265454
2021-04-16,32638.3789,0.0,32638.3789,CASH,0.0,2.26383789,42530.7529,-0.23259343711265454
2021-04-19,32638.3789,0.0,32638.3789,CASH,0.0,2.26383789,42530.7529,-0.23259343711265454
2021-04-20,32638.3789,0.0,32638.3789,CASH,0.0,2.26383789,42530.7529,-0.23259343711265454
2021-04-21,32638.3789,0.0,32638.3789,CASH,0.0,2.26383789,42530.7529,-0.23259343711265454
2021-04-22,32638.3789,0.0,32638.3789,CASH,0.0,2.26383789,42530.7529,-0.23259343711265454
2021-04-23,32638.3789,0.0,32638.3789,CASH,0.0,2.26383789,42530.7529,-0.23259343711265454
2021-04-26,32638.3789,0.0,32638.3789,CASH,0.0,2.26383789,42530.7529,-0.23259343711265454
2021-04-27,32638.3789,0.0,32638.3789,CASH,0.0,2.26383789,42530.7529,-0.23259343711265454
2021-04-28,32638.3789,0.0,32638.3789,CASH,0.0,2.26383789,42530.7529,-0.23259343711265454
2021-04-29,32638.3789,0.0,32638.3789,CASH,0.0,2.26383789,42530.7529,-0.23259343711265454
2021-04-30,32638.3789,0.0,32638.3789,CASH,0.0,2.26383789,42530.7529,-0.23259343711265454
2021-05-06,0.7905600000012782,32593.199999999997,32593.99056,512690,-0.001360004433308415,2.259399056,42530.7529,-0.23363711344033133
2021-05-07,0.7905600000012782,31901.2,31901.990560000002,512690,-0.021230907541871624,2.1901990560000004,42530.7529,-0.24990769302840152
2021-05-10,0.7905600000012782,31243.8,31244.59056,512690,-0.020606864601868335,2.124459056,42530.7529,-0.2653647436370683
2021-05-11,0.7905600000012782,32731.6,32732.39056,512690,0.047617842747624595,2.273239056,42530.7529,-0.23038299752271726
2021-05-12,0.7905600000012782,33389.0,33389.79056,512690,0.020084081509260887,2.3389790560000003,42530.7529,-0.21492594691405048
2021-05-13,0.7905600000012782,33631.2,33631.99056,512690,0.0072537142622914885,2.363199056,42530.7529,-0.20923124405822596
2021-05-14,0.7905600000012782,33631.2,33631.99056,512690,0.0,2.363199056,42530.7529,-0.20923124405822596
2021-05-17,0.7905600000012782,35465.0,35465.79056,512690,0.05452546725500751,2.546579056,42530.7529,-0.1661142081498397
2021-05-18,0.7905600000012782,35707.200000000004,35707.990560000006,512690,0.006829116062991858,2.5707990560000007,42530.7529,-0.160419505294015
2021-05-19,0.7905600000012782,35119.0,35119.79056,512690,-0.01647250351463081,2.511979056,42530.7529,-0.17424949794387481
2021-05-20,0.7905600000012782,36295.399999999994,36296.190559999995,512690,0.03349678290336566,2.6296190559999997,42530.7529,-0.1465895126441555
2021-05-21,0.7905600000012782,36260.8,36261.590560000004,512690,-0.0009532680831283447,2.6261590560000005,42530.7529,-0.14740304162355883
2021-05-24,0.7905600000012782,37644.8,37645.590560000004,512690,0.03816710680988944,2.7645590560000004,42530.7529,-0.11486188244741831
2021-05-25,0.7905600000012782,39097.99999999999,39098.790559999994,512690,0.0386021305120412,2.9098790559999994,42530.7529,-0.080693665312471
2021-05-26,0.7905600000012782,38613.600000000006,38614.39056000001,512690,-0.012389130023258366,2.861439056000001,42530.7529,-0.09208307102411988
2021-05-27,0.7905600000012782,38959.6,38960.39056,512690,0.008960390025122056,2.896039056,42530.7529,-0.08394778123008492
2021-05-28,0.7905600000012782,39063.4,39064.19056,512690,0.002664244339135813,2.9064190560000003,42530.7529,-0.08150719429187431
2021-05-31,0.7905600000012782,39201.8,39202.590560000004,512690,0.0035428866697604366,2.9202590560000004,42530.7529,-0.07825307837426022
2021-06-01,0.7905600000012782,39513.2,39513.99056,512690,0.007943352608889231,2.9513990559999996,42530.7529,-0.07093131755962874
2021-06-02,0.7905600000012782,38752.00000000001,38752.79056000001,512690,-0.01926406291068339,2.875279056000001,42530.7529,-0.08882895510650579
2021-06-03,0.7905600000012782,39409.4,39410.19056,512690,0.016963939641511994,2.9410190560000005,42530.7529,-0.07337190449783917
2021-06-04,0.7905600000012782,40585.8,40586.590560000004,512690,0.029850147469066224,3.0586590560000007,42530.7529,-0.045711919198119705
2021-06-07,0.7905600000012782,41693.0,41693.79056,512690,0.027279946029543867,3.1693790560000004,42530.7529,-0.019678991857207357
2021-06-08,0.7905600000012782,37956.2,37956.99056,512690,-0.08962485659879049,2.7956990559999997,42530.7529,-0.10754012163278683
2021-06-09,0.7905600000012782,37783.200000000004,37783.990560000006,512690,-0.004557790210647061,2.7783990560000005,42530.7529,-0.11160776652980423
2021-06-10,0.7905600000012782,38752.00000000001,38752.79056000001,512690,0.025640489150069445,2.875279056000001,42530.7529,-0.08882895510650579
2021-06-11,0.7905600000012782,37679.4,37680.19056,512690,-0.027678006783519837,2.7680190560000004,42530.7529,-0.11404835346801483
2021-06-15,0.7905600000012782,37644.8,37645.590560000004,512690,-0.0009182543794438169,2.7645590560000004,42530.7529,-0.11486188244741831
2021-06-16,0.7905600000012782,36572.2,36572.99056,512690,-0.02849204871126898,2.657299056,42530.7529,-0.14008128080892734
2021-06-17,0.7905600000012782,37990.8,37991.590560000004,512690,0.03878818708228726,2.7991590560000006,42530.7529,-0.10672659265338318
2021-06-18,0.7905600000012782,37506.4,37507.19056,512690,-0.012750190051532329,2.7507190560000003,42530.7529,-0.11811599836503239
2021-06-21,0.7905600000012782,36883.6,36884.39056,512690,-0.016604816055303173,2.688439056,42530.7529,-0.1327595199942957
2021-06-22,0.7905600000012782,37368.0,37368.79056,512690,0.013132926765104802,2.7368790560000003,42530.7529,-0.12137011428264648
2021-06-23,0.7905600000012782,35845.6,35846.39056,512690,-0.04073987884503805,2.584639056,42530.7529,-0.1571653893764011
2021-06-24,0.7905600000012782,35811.0,35811.79056,512690,-0.0009652296775064517,2.5811790560000003,42530.7529,-0.15797891835580458
2021-06-25,0.7905600000012782,36918.2,36918.99056,512690,0.03091719187134645,2.691899056,42530.7529,-0.1319459910148922
2021-06-28,0.7905600000012782,37402.6,37403.39056,512690,0.013120618756159219,2.740339056,42530.7529,-0.12055658530324301
2021-06-29,0.7905600000012782,36572.2,36572.99056,512690,-0.02220119586934055,2.657299056,42530.7529,-0.14008128080892734
2021-06-30,0.7905600000012782,37125.799999999996,37126.59056,512690,0.015136853495526736,2.7126590559999997,42530.7529,-0.12706481713847118
2021-07-01,33.807140000011714,37221.0,37254.80714000001,512480,0.0034534972930737595,2.725480714000001,42530.7529,-0.1240501378474301
2021-07-02,33.807140000011714,36594.0,36627.80714000001,512480,-0.016830042835647818,2.662780714000001,42530.7529,-0.1387924115493377
2021-07-05,33.807140000011714,38361.0,38394.80714000001,512480,0.04824203625529955,2.8394807140000013,42530.7529,-0.09724600384396176
2021-07-06,33.807140000011714,37506.0,37539.80714000001,512480,-0.02226863640393839,2.753980714000001,42530.7529,-0.11734910434656302
2021-07-07,33.807140000011714,38247.0,38280.80714000001,512480,0.01973904653363112,2.8280807140000013,42530.7529,-0.09992641724430859
2021-07-08,33.807140000011714,39558.0,39591.80714000001,512480,0.034246926800822974,2.9591807140000013,42530.7529,-0.06910166314032
2021-07-09,33.807140000011714,39045.0,39078.80714000001,512480,-0.012957226180305148,2.9078807140000014,42530.7529,-0.08116352344188076
2021-07-12,33.807140000011714,39558.0,39591.80714000001,512480,0.01312731983251636,2.9591807140000013,42530.7529,-0.06910166314032
2021-07-13,33.807140000011714,37449.0,37482.80714000001,512480,-0.05326859651903226,2.748280714000001,42530.7529,-0.11868931104673644
2021-07-14,33.807140000011714,37164.0,37197.80714000001,512480,-0.0076034860178830765,2.719780714000001,42530.7529,-0.12539034454760353
2021-07-15,33.807140000011714,37335.0,37368.80714000001,512480,0.004597045179475678,2.736880714000001,42530.7529,-0.12136972444708327
2021-07-16,33.807140000011714,36708.0,36741.80714000001,512480,-0.016778699883327364,2.674180714000001,42530.7529,-0.13611199814899086
2021-07-19,33.807140000011714,36765.0,36798.80714000001,512480,0.0015513662619481838,2.679880714000001,42530.7529,-0.13477179144881746
2021-07-20,33.807140000011714,37563.0,37596.80714000001,512480,0.02168548553663796,2.7596807140000013,42530.7529,-0.11600889764638961
2021-07-21,33.807140000011714,38988.0,39021.80714000001,512480,0.03790215468812819,2.9021807140000013,42530.7529,-0.08250373014205417
2021-07-22,33.807140000011714,40299.0,40332.80714000001,512480,0.03359659882732946,3.033280714000001,42530.7529,-0.05167897603806557
2021-07-23,33.807140000011714,40356.0,40389.80714000001,512480,0.0014132415778089769,3.038980714000001,42530.7529,-0.05033876933789216
2021-07-26,33.807140000011714,40983.0,41016.80714000001,512480,0.015523718591343494,3.1016807140000013,42530.7529,-0.03559649563598456
2021-07-27,33.807140000011714,41610.0,41643.80714000001,512480,0.015286416562359406,3.164380714000001,42530.7529,-0.02085422193407697
2021-07-28,33.807140000011714,40299.0,40332.80714000001,512480,-0.031481271527183385,3.033280714000001,42530.7529,-0.05167897603806557
2021-07-29,33.807140000011714,43206.0,43239.80714000001,512480,0.07207532046825937,3.323980714000001,43239.80714000001,0.0
2021-07-30,33.807140000011714,43947.0,43980.80714000001,512480,0.01713698670303554,3.3980807140000016,43980.80714000001,0.0
2021-08-02,255.83399000001373,42320.0,42575.833990000014,518880,-0.031945142469252064,3.2575833990000014,43980.80714000001,-0.03194514246925204
2021-08-03,255.83399000001373,42331.5,42587.333990000014,518880,0.0002701062767838103,3.2587333990000014,43980.80714000001,-0.03168366477596204
2021-08-04,255.83399000001373,42423.5,42679.333990000014,518880,0.0021602667126709996,3.2679333990000012,43980.80714000001,-0.029591843229641958
2021-08-05,255.83399000001373,42377.5,42633.333990000014,518880,-0.001077805010049504,3.2633333990000013,43980.80714000001,-0.030637754002801998
2021-08-06,255.83399000001373,42124.5,42380.333990000014,518880,-0.005934323598978719,3.2380333990000016,43980.80714000001,-0.036390263255182215
2021-08-09,255.83399000001373,41032.0,41287.833990000014,518880,-0.02577846602761047,3.1287833990000014,43980.80714000001,-0.06123064411773315
2021-08-10,41080.08304000001,0.0,41080.08304000001,CASH,-0.005031771587977185,3.108008304000001,43980.80714000001,-0.0659543170903252
2021-08-11,41080.08304000001,0.0,41080.08304000001,CASH,0.0,3.108008304000001,43980.80714000001,-0.0659543170903252
2021-08-12,41080.08304000001,0.0,41080.08304000001,CASH,0.0,3.108008304000001,43980.80714000001,-0.0659543170903252
2021-08-13,41080.08304000001,0.0,41080.08304000001,CASH,0.0,3.108008304000001,43980.80714000001,-0.0659543170903252
2021-08-16,41080.08304000001,0.0,41080.08304000001,CASH,0.0,3.108008304000001,43980.80714000001,-0.0659543170903252
2021-08-17,41080.08304000001,0.0,41080.08304000001,CASH,0.0,3.108008304000001,43980.80714000001,-0.0659543170903252
2021-08-18,41080.08304000001,0.0,41080.08304000001,CASH,0.0,3.108008304000001,43980.80714000001,-0.0659543170903252
2021-08-19,41080.08304000001,0.0,41080.08304000001,CASH,0.0,3.108008304000001,43980.80714000001,-0.0659543170903252
2021-08-20,41080.08304000001,0.0,41080.08304000001,CASH,0.0,3.108008304000001,43980.80714000001,-0.0659543170903252
2021-08-23,41080.08304000001,0.0,41080.08304000001,CASH,0.0,3.108008304000001,43980.80714000001,-0.0659543170903252
2021-08-24,41080.08304000001,0.0,41080.08304000001,CASH,0.0,3.108008304000001,43980.80714000001,-0.0659543170903252
2021-08-25,41080.08304000001,0.0,41080.08304000001,CASH,0.0,3.108008304000001,43980.80714000001,-0.0659543170903252
2021-08-26,41080.08304000001,0.0,41080.08304000001,CASH,0.0,3.108008304000001,43980.80714000001,-0.0659543170903252
2021-08-27,41080.08304000001,0.0,41080.08304000001,CASH,0.0,3.108008304000001,43980.80714000001,-0.0659543170903252
2021-08-30,41080.08304000001,0.0,41080.08304000001,CASH,0.0,3.108008304000001,43980.80714000001,-0.0659543170903252
2021-08-31,41080.08304000001,0.0,41080.08304000001,CASH,0.0,3.108008304000001,43980.80714000001,-0.0659543170903252
2021-09-01,97.6920100000134,40959.0,41056.69201000001,518880,-0.0005694007477351493,3.1056692010000013,43980.80714000001,-0.06648616340059278
2021-09-02,97.6920100000134,40925.7,41023.39201000001,518880,-0.0008110736245358074,3.1023392010000013,43980.80714000001,-0.06724331185159783
2021-09-03,97.6920100000134,40925.7,41023.39201000001,518880,0.0,3.1023392010000013,43980.80714000001,-0.06724331185159783
2021-09-06,97.6920100000134,41158.8,41256.492010000016,518880,0.005682123992652333,3.1256492010000017,43980.80714000001,-0.061943272694562804
2021-09-07,97.6920100000134,41025.6,41123.29201000001,518880,-0.0032285827880790263,3.1123292010000014,43980.80714000001,-0.06497186649858284
2021-09-08,97.6920100000134,40548.3,40645.992010000016,518880,-0.011606561067239674,3.064599201000002,43980.80714000001,-0.0758243276296542
2021-09-09,97.6920100000134,40392.899999999994,40490.59201000001,518880,-0.00382325519233917,3.0490592010000004,43980.80714000001,-0.07935768706767765
2021-09-10,97.6920100000134,40626.0,40723.69201000001,518880,0.005756892859023477,3.0723692010000017,43980.80714000001,-0.07405764791064263
2021-09-13,97.6920100000134,40426.2,40523.89201000001,518880,-0.004906234924646369,3.0523892010000013,43980.80714000001,-0.07860053861667261
2021-09-14,97.6920100000134,40470.6,40568.29201000001,518880,0.0010956499437182465,3.056829201000001,43980.80714000001,-0.07759100734866593
2021-09-15,97.6920100000134,40614.9,40712.592010000015,518880,0.0035569651284415027,3.071259201000001,43980.80714000001,-0.07431003072764426
2021-09-16,97.6920100000134,40270.8,40368.492010000016,518880,-0.008451930545603115,3.0368492010000017,43980.80714000001,-0.08213389805469574
2021-09-17,97.6920100000134,39871.200000000004,39968.89201000002,518880,-0.009898809197554592,2.996889201000002,43980.80714000001,-0.09121967946675552
2021-09-22,97.6920100000134,40404.0,40501.69201000001,518880,0.013330367023101086,3.050169201000001,43980.80714000001,-0.07910530425067587
2021-09-23,97.6920100000134,40015.5,40113.19201000001,518880,-0.009592191849764675,3.011319201000001,43980.80714000001,-0.08793870284573402
2021-09-24,97.6920100000134,39804.6,39902.29201000001,518880,-0.005257621980006566,2.9902292010000013,43980.80714000001,-0.09273397636876562
2021-09-27,97.6920100000134,39849.0,39946.69201000001,518880,0.001112718036068605,2.9946692010000016,43980.80714000001,-0.09172444510075894
2021-09-28,97.6920100000134,39538.2,39635.89201000001,518880,-0.0077803688956822326,2.963589201000001,43980.80714000001,-0.09879116397680554
2021-09-29,39557.45053000001,0.0,39557.45053000001,CASH,-0.0019790517135380714,2.955745053000001,43980.80714000001,-0.10057470286799292
2021-09-30,39557.45053000001,0.0,39557.45053000001,CASH,0.0,2.955745053000001,43980.80714000001,-0.10057470286799292
2021-10-08,39557.45053000001,0.0,39557.45053000001,CASH,0.0,2.955745053000001,43980.80714000001,-0.10057470286799292
2021-10-11,39557.45053000001,0.0,39557.45053000001,CASH,0.0,2.955745053000001,43980.80714000001,-0.10057470286799292
2021-10-12,39557.45053000001,0.0,39557.45053000001,CASH,0.0,2.955745053000001,43980.80714000001,-0.10057470286799292
2021-10-13,39557.45053000001,0.0,39557.45053000001,CASH,0.0,2.955745053000001,43980.80714000001,-0.10057470286799292
2021-10-14,39557.45053000001,0.0,39557.45053000001,CASH,0.0,2.955745053000001,43980.80714000001,-0.10057470286799292
2021-10-15,39557.45053000001,0.0,39557.45053000001,CASH,0.0,2.955745053000001,43980.80714000001,-0.10057470286799292
2021-10-18,39557.45053000001,0.0,39557.45053000001,CASH,0.0,2.955745053000001,43980.80714000001,-0.10057470286799292
2021-10-19,39557.45053000001,0.0,39557.45053000001,CASH,0.0,2.955745053000001,43980.80714000001,-0.10057470286799292
2021-10-20,39557.45053000001,0.0,39557.45053000001,CASH,0.0,2.955745053000001,43980.80714000001,-0.10057470286799292
2021-10-21,39557.45053000001,0.0,39557.45053000001,CASH,0.0,2.955745053000001,43980.80714000001,-0.10057470286799292
2021-10-22,39557.45053000001,0.0,39557.45053000001,CASH,0.0,2.955745053000001,43980.80714000001,-0.10057470286799292
2021-10-25,39557.45053000001,0.0,39557.45053000001,CASH,0.0,2.955745053000001,43980.80714000001,-0.10057470286799292
2021-10-26,39557.45053000001,0.0,39557.45053000001,CASH,0.0,2.955745053000001,43980.80714000001,-0.10057470286799292
2021-10-27,39557.45053000001,0.0,39557.45053000001,CASH,0.0,2.955745053000001,43980.80714000001,-0.10057470286799292
2021-10-28,39557.45053000001,0.0,39557.45053000001,CASH,0.0,2.955745053000001,43980.80714000001,-0.10057470286799292
2021-10-29,39557.45053000001,0.0,39557.45053000001,CASH,0.0,2.955745053000001,43980.80714000001,-0.10057470286799292
2021-11-01,3.5879300000160583,39508.0,39511.587930000016,159928,-0.001159392210203558,2.9511587930000016,43980.80714000001,-0.10161748955114776
2021-11-02,3.5879300000160583,39746.0,39749.587930000016,159928,0.006023549355233415,2.9749587930000017,43980.80714000001,-0.09620603815958059
2021-11-03,3.5879300000160583,39712.0,39715.587930000016,159928,-0.00085535477901999,2.9715587930000016,43980.80714000001,-0.09697910264409018
2021-11-04,3.5879300000160583,40902.0,40905.587930000016,159928,0.029963046300546026,3.0905587930000014,43980.80714000001,-0.06992184568625438
2021-11-05,3.5879300000160583,40562.0,40565.587930000016,159928,-0.008311822839017213,3.0565587930000016,43980.80714000001,-0.07765249053135033
2021-11-08,3.5879300000160583,40324.0,40327.587930000016,159928,-0.00586704179933728,3.032758793000002,43980.80714000001,-0.08306394192291748
2021-11-09,3.5879300000160583,40154.0,40157.587930000016,159928,-0.004215476519326744,3.0157587930000016,43980.80714000001,-0.08692926434546545
2021-11-10,3.5879300000160583,39406.0,39409.587930000016,159928,-0.0186266167505843,2.9409587930000014,43980.80714000001,-0.10393668300467654
2021-11-11,3.5879300000160583,39576.0,39579.587930000016,159928,0.004313671086892734,2.9579587930000018,43980.80714000001,-0.10007136058212857
2021-11-12,3.5879300000160583,39304.0,39307.587930000016,159928,-0.006872229202614655,2.9307587930000016,43980.80714000001,-0.10625587645820532
2021-11-15,3.5879300000160583,39712.0,39715.587930000016,159928,0.010379675311712688,2.9715587930000016,43980.80714000001,-0.09697910264409018
2021-11-16,3.5879300000160583,40324.0,40327.587930000016,159928,0.015409566668852293,3.032758793000002,43980.80714000001,-0.08306394192291748
2021-11-17,3.5879300000160583,40052.0,40055.587930000016,159928,-0.006744762430922813,3.0055587930000014,43980.80714000001,-0.08924845779899424
2021-11-18,3.5879300000160583,39916.0,39919.587930000016,159928,-0.003395281583125631,2.9919587930000016,43980.80714000001,-0.09234071573703262
2021-11-19,3.5879300000160583,40222.0,40225.587930000016,159928,0.007665409786708599,3.0225587930000017,43980.80714000001,-0.08538313537644628
2021-11-22,3.5879300000160583,40154.0,40157.587930000016,159928,-0.0016904662802774695,3.0157587930000016,43980.80714000001,-0.08692926434546545
2021-11-23,3.5879300000160583,40018.0,40021.587930000016,159928,-0.0033866575910153074,3.0021587930000013,43980.80714000001,-0.09002152228350384
2021-11-24,3.5879300000160583,40426.0,40429.587930000016,159928,0.010194498047244371,3.0429587930000013,43980.80714000001,-0.0807447484693887
2021-11-25,3.5879300000160583,40290.0,40293.587930000016,159928,-0.0033638730188264576,3.029358793000002,43980.80714000001,-0.08383700640742708
2021-11-26,3.5879300000160583,39950.0,39953.587930000016,159928,-0.00843806713342743,2.9953587930000016,43980.80714000001,-0.09156765125252303
2021-11-29,3.5879300000160583,40188.0,40191.587930000016,159928,0.005956911815203858,3.0191587930000017,43980.80714000001,-0.08615619986095586
2021-11-30,3.5879300000160583,39542.0,39545.587930000016,159928,-0.016073015107666566,2.9545587930000017,43980.80714000001,-0.10084442506663815
2021-12-01,39431.75593000002,0.0,39431.75593000002,CASH,-0.0028785006358101883,2.943175593000002,43980.80714000001,-0.10343264496077616
2021-12-02,39431.75593000002,0.0,39431.75593000002,CASH,0.0,2.943175593000002,43980.80714000001,-0.10343264496077616
2021-12-03,39431.75593000002,0.0,39431.75593000002,CASH,0.0,2.943175593000002,43980.80714000001,-0.10343264496077616
2021-12-06,39431.75593000002,0.0,39431.75593000002,CASH,0.0,2.943175593000002,43980.80714000001,-0.10343264496077616
2021-12-07,39431.75593000002,0.0,39431.75593000002,CASH,0.0,2.943175593000002,43980.80714000001,-0.10343264496077616
2021-12-08,39431.75593000002,0.0,39431.75593000002,CASH,0.0,2.943175593000002,43980.80714000001,-0.10343264496077616
2021-12-09,39431.75593000002,0.0,39431.75593000002,CASH,0.0,2.943175593000002,43980.80714000001,-0.10343264496077616
2021-12-10,39431.75593000002,0.0,39431.75593000002,CASH,0.0,2.943175593000002,43980.80714000001,-0.10343264496077616
2021-12-13,39431.75593000002,0.0,39431.75593000002,CASH,0.0,2.943175593000002,43980.80714000001,-0.10343264496077616
2021-12-14,39431.75593000002,0.0,39431.75593000002,CASH,0.0,2.943175593000002,43980.80714000001,-0.10343264496077616
2021-12-15,39431.75593000002,0.0,39431.75593000002,CASH,0.0,2.943175593000002,43980.80714000001,-0.10343264496077616
2021-12-16,39431.75593000002,0.0,39431.75593000002,CASH,0.0,2.943175593000002,43980.80714000001,-0.10343264496077616
2021-12-17,39431.75593000002,0.0,39431.75593000002,CASH,0.0,2.943175593000002,43980.80714000001,-0.10343264496077616
2021-12-20,39431.75593000002,0.0,39431.75593000002,CASH,0.0,2.943175593000002,43980.80714000001,-0.10343264496077616
2021-12-21,39431.75593000002,0.0,39431.75593000002,CASH,0.0,2.943175593000002,43980.80714000001,-0.10343264496077616
2021-12-22,39431.75593000002,0.0,39431.75593000002,CASH,0.0,2.943175593000002,43980.80714000001,-0.10343264496077616
2021-12-23,39431.75593000002,0.0,39431.75593000002,CASH,0.0,2.943175593000002,43980.80714000001,-0.10343264496077616
2021-12-24,39431.75593000002,0.0,39431.75593000002,CASH,0.0,2.943175593000002,43980.80714000001,-0.10343264496077616
2021-12-27,39431.75593000002,0.0,39431.75593000002,CASH,0.0,2.943175593000002,43980.80714000001,-0.10343264496077616
2021-12-28,39431.75593000002,0.0,39431.75593000002,CASH,0.0,2.943175593000002,43980.80714000001,-0.10343264496077616
2021-12-29,39431.75593000002,0.0,39431.75593000002,CASH,0.0,2.943175593000002,43980.80714000001,-0.10343264496077616
2021-12-30,39431.75593000002,0.0,39431.75593000002,CASH,0.0,2.943175593000002,43980.80714000001,-0.10343264496077616
2021-12-31,39431.75593000002,0.0,39431.75593000002,CASH,0.0,2.943175593000002,43980.80714000001,-0.10343264496077616
2022-01-04,7.832300000023679,39319.799999999996,39327.63230000002,515050,-0.00264060343102257,2.9327632300000017,43980.80714000001,-0.10580012379463555
2022-01-05,7.832300000023679,37843.0,37850.832300000024,515050,-0.03755120544086232,2.7850832300000024,43980.80714000001,-0.1393784070512169
2022-01-06,7.832300000023679,37750.7,37758.53230000002,515050,-0.002438519694057062,2.7758532300000023,43980.80714000001,-0.1414770497547533
2022-01-07,7.832300000023679,37196.9,37204.732300000025,515050,-0.014666883648970508,2.7204732300000023,43980.80714000001,-0.15406890597597125
2022-01-10,7.832300000023679,37658.399999999994,37666.23230000002,515050,0.012404335993569049,2.7666232300000018,43980.80714000001,-0.14357569245828972
2022-01-11,7.832300000023679,36550.8,36558.63230000003,515050,-0.02940564883629182,2.6558632300000027,43980.80714000001,-0.16875940490072558
2022-01-12,36824.48399000003,0.0,36824.48399000003,CASH,0.007271926581345456,2.6824483990000028,43980.80714000001,-0.1627146843217298
2022-01-13,36824.48399000003,0.0,36824.48399000003,CASH,0.0,2.6824483990000028,43980.80714000001,-0.1627146843217298
2022-01-14,36824.48399000003,0.0,36824.48399000003,CASH,0.0,2.6824483990000028,43980.80714000001,-0.1627146843217298
2022-01-17,36824.48399000003,0.0,36824.48399000003,CASH,0.0,2.6824483990000028,43980.80714000001,-0.1627146843217298
2022-01-18,36824.48399000003,0.0,36824.48399000003,CASH,0.0,2.6824483990000028,43980.80714000001,-0.1627146843217298
2022-01-19,36824.48399000003,0.0,36824.48399000003,CASH,0.0,2.6824483990000028,43980.80714000001,-0.1627146843217298
2022-01-20,36824.48399000003,0.0,36824.48399000003,CASH,0.0,2.6824483990000028,43980.80714000001,-0.1627146843217298
2022-01-21,36824.48399000003,0.0,36824.48399000003,CASH,0.0,2.6824483990000028,43980.80714000001,-0.1627146843217298
2022-01-24,36824.48399000003,0.0,36824.48399000003,CASH,0.0,2.6824483990000028,43980.80714000001,-0.1627146843217298
2022-01-25,36824.48399000003,0.0,36824.48399000003,CASH,0.0,2.6824483990000028,43980.80714000001,-0.1627146843217298
2022-01-26,36824.48399000003,0.0,36824.48399000003,CASH,0.0,2.6824483990000028,43980.80714000001,-0.1627146843217298
2022-01-27,36824.48399000003,0.0,36824.48399000003,CASH,0.0,2.6824483990000028,43980.80714000001,-0.1627146843217298
2022-01-28,36824.48399000003,0.0,36824.48399000003,CASH,0.0,2.6824483990000028,43980.80714000001,-0.1627146843217298
2022-02-07,36824.48399000003,0.0,36824.48399000003,CASH,0.0,2.6824483990000028,43980.80714000001,-0.1627146843217298
2022-02-08,36824.48399000003,0.0,36824.48399000003,CASH,0.0,2.6824483990000028,43980.80714000001,-0.1627146843217298
2022-02-09,36824.48399000003,0.0,36824.48399000003,CASH,0.0,2.6824483990000028,43980.80714000001,-0.1627146843217298
2022-02-10,36824.48399000003,0.0,36824.48399000003,CASH,0.0,2.6824483990000028,43980.80714000001,-0.1627146843217298
2022-02-11,36824.48399000003,0.0,36824.48399000003,CASH,0.0,2.6824483990000028,43980.80714000001,-0.1627146843217298
2022-02-14,36824.48399000003,0.0,36824.48399000003,CASH,0.0,2.6824483990000028,43980.80714000001,-0.1627146843217298
2022-02-15,36824.48399000003,0.0,36824.48399000003,CASH,0.0,2.6824483990000028,43980.80714000001,-0.1627146843217298
2022-02-16,36824.48399000003,0.0,36824.48399000003,CASH,0.0,2.6824483990000028,43980.80714000001,-0.1627146843217298
2022-02-17,36824.48399000003,0.0,36824.48399000003,CASH,0.0,2.6824483990000028,43980.80714000001,-0.1627146843217298
2022-02-18,36824.48399000003,0.0,36824.48399000003,CASH,0.0,2.6824483990000028,43980.80714000001,-0.1627146843217298
2022-02-21,36824.48399000003,0.0,36824.48399000003,CASH,0.0,2.6824483990000028,43980.80714000001,-0.1627146843217298
2022-02-22,36824.48399000003,0.0,36824.48399000003,CASH,0.0,2.6824483990000028,43980.80714000001,-0.1627146843217298
2022-02-23,36824.48399000003,0.0,36824.48399000003,CASH,0.0,2.6824483990000028,43980.80714000001,-0.1627146843217298
2022-02-24,36824.48399000003,0.0,36824.48399000003,CASH,0.0,2.6824483990000028,43980.80714000001,-0.1627146843217298
2022-02-25,36824.48399000003,0.0,36824.48399000003,CASH,0.0,2.6824483990000028,43980.80714000001,-0.1627146843217298
2022-02-28,36824.48399000003,0.0,36824.48399000003,CASH,0.0,2.6824483990000028,43980.80714000001,-0.1627146843217298
2022-03-01,79.56382000002486,36724.2,36803.76382000002,518880,-0.0005626737364639034,2.680376382000002,43980.80714000001,-0.16318580277878883
2022-03-02,79.56382000002486,37218.9,37298.463820000026,518880,0.01344156001053265,2.7298463820000025,43980.80714000001,-0.15193771452917415
2022-03-03,79.56382000002486,37121.9,37201.463820000026,518880,-0.002600643299094485,2.7201463820000025,43980.80714000001,-0.15414322202909858
2022-03-04,79.56382000002486,37257.700000000004,37337.26382000003,518880,0.0036503939914052097,2.733726382000003,43980.80714000001,-0.1510555115292043
2022-03-07,79.56382000002486,38082.200000000004,38161.76382000003,518880,0.022082496563616605,2.8161763820000028,43980.80714000001,-0.13230869777984663
2022-03-08,79.56382000002486,38945.5,39025.063820000025,518880,0.02262211998564778,2.9025063820000025,43980.80714000001,-0.1126796810305193
2022-03-09,79.56382000002486,39391.7,39471.26382000002,518880,0.011433677650293017,2.947126382000002,43980.80714000001,-0.10253434653086697
2022-03-10,79.56382000002486,38130.7,38210.26382000002,518880,-0.03194729223139425,2.821026382000002,43980.80714000001,-0.13120594402988459
2022-03-11,79.56382000002486,38188.9,38268.463820000026,518880,0.0015231509594952897,2.8268463820000025,43980.80714000001,-0.12988263952992982
2022-03-14,79.56382000002486,37994.9,38074.463820000026,518880,-0.00506944832989642,2.807446382000003,43980.80714000001,-0.13429365452977868
2022-03-15,79.56382000002486,37170.4,37249.963820000026,518880,-0.02165493397091256,2.7249963820000027,43980.80714000001,-0.15304046827913637
2022-03-16,79.56382000002486,36821.2,36900.76382000002,518880,-0.009374505749520035,2.690076382000002,43980.80714000001,-0.1609802952788644
2022-03-17,79.56382000002486,37296.5,37376.063820000025,518880,0.012880492184890624,2.7376063820000023,43980.80714000001,-0.15017330852923463
2022-03-18,79.56382000002486,37354.7,37434.26382000002,518880,0.0015571463137553643,2.743426382000002,43980.80714000001,-0.14885000402928003
2022-03-21,79.56382000002486,37257.700000000004,37337.26382000003,518880,-0.0025912089647711634,2.733726382000003,43980.80714000001,-0.1510555115292043
2022-03-22,79.56382000002486,37500.200000000004,37579.76382000003,518880,0.006494851930475498,2.757976382000003,43980.80714000001,-0.14554174277939322
2022-03-23,79.56382000002486,37199.5,37279.063820000025,518880,-0.008001646882090596,2.7279063820000027,43980.80714000001,-0.15237881602915906
2022-03-24,79.56382000002486,37636.0,37715.563820000025,518880,0.011708985024613705,2.7715563820000026,43980.80714000001,-0.14245403227949913
2022-03-25,79.56382000002486,37897.9,37977.463820000026,518880,0.006944082852637035,2.797746382000003,43980.80714000001,-0.1364991620297031
2022-03-28,79.56382000002486,37558.4,37637.963820000026,518880,-0.008939512169878205,2.7637963820000024,43980.80714000001,-0.14421843827943862
2022-03-29,79.56382000002486,37335.3,37414.86382000003,518880,-0.005927525757422836,2.741486382000003,43980.80714000001,-0.14929110552926478
2022-03-30,79.56382000002486,37238.3,37317.86382000003,518880,-0.0025925525338448274,2.731786382000003,43980.80714000001,-0.1514966130291892
2022-03-31,79.56382000002486,37180.1,37259.66382000002,518880,-0.0015595747999062048,2.7259663820000024,43980.80714000001,-0.15281991752914398
2022-04-01,79.56382000002486,37374.1,37453.66382000002,518880,0.005206702909001271,2.7453663820000025,43980.80714000001,-0.14840890252929512
2022-04-06,79.56382000002486,37209.2,37288.76382000002,518880,-0.00440277353885854,2.7288763820000024,43980.80714000001,-0.15215826527916668
2022-04-07,79.56382000002486,37277.1,37356.66382000002,518880,0.0018209238667112881,2.7356663820000025,43980.80714000001,-0.15061441002921955
2022-04-08,79.56382000002486,37364.4,37443.963820000026,518880,0.002336932452551288,2.744396382000003,43980.80714000001,-0.14862945327928748
2022-04-11,79.56382000002486,37694.200000000004,37773.76382000003,518880,0.008807828187886724,2.777376382000003,43980.80714000001,-0.14113072777954436
2022-04-12,79.56382000002486,37907.6,37987.16382000002,518880,0.005649423790991204,2.7987163820000025,43980.80714000001,-0.13627861127971075
2022-04-13,79.56382000002486,38082.200000000004,38161.76382000003,518880,0.004596289442068802,2.8161763820000028,43980.80714000001,-0.13230869777984663
2022-04-14,79.56382000002486,38130.7,38210.26382000002,518880,0.0012709056171711364,2.821026382000002,43980.80714000001,-0.13120594402988459
2022-04-15,79.56382000002486,38256.8,38336.36382000003,518880,0.0033001604122397943,2.8336363820000026,43980.80714000001,-0.1283387842799827
2022-04-18,79.56382000002486,38479.9,38559.463820000026,518880,0.005819539929439177,2.8559463820000026,43980.80714000001,-0.12326611703015652
2022-04-19,79.56382000002486,38179.2,38258.76382000002,518880,-0.0077983449511566105,2.8258763820000024,43980.80714000001,-0.13010319027992237
2022-04-20,79.56382000002486,37694.200000000004,37773.76382000003,518880,-0.01267683405250164,2.777376382000003,43980.80714000001,-0.14113072777954436
2022-04-21,79.56382000002486,38188.9,38268.463820000026,518880,0.013096391515480033,2.8268463820000025,43980.80714000001,-0.12988263952992982
2022-04-22,79.56382000002486,38324.7,38404.26382000002,518880,0.003548613830927305,2.840426382000002,43980.80714000001,-0.12679492903003572
2022-04-25,79.56382000002486,38062.8,38142.36382000003,518880,-0.006819555277182587,2.814236382000003,43980.80714000001,-0.13274979927983155
2022-04-26,79.56382000002486,37733.0,37812.563820000025,518880,-0.008646553778270838,2.7812563820000027,43980.80714000001,-0.1402485247795747
2022-04-27,79.56382000002486,37752.4,37831.963820000026,518880,0.0005130569853013522,2.7831963820000025,43980.80714000001,-0.13980742327958975
2022-04-28,79.56382000002486,37733.0,37812.563820000025,518880,-0.0005127938928125575,2.7812563820000027,43980.80714000001,-0.1402485247795747
2022-04-29,79.56382000002486,38237.4,38316.963820000026,518880,0.013339481617832272,2.8316963820000027,43980.80714000001,-0.1287798857799676
2022-05-05,79.56382000002486,38111.299999999996,38190.86382000002,518880,-0.0032909705631265496,2.819086382000002,43980.80714000001,-0.1316470455298695
2022-05-06,79.56382000002486,38043.4,38122.963820000026,518880,-0.001777912128932635,2.8122963820000026,43980.80714000001,-0.13319090077981646
2022-05-09,79.56382000002486,38208.3,38287.86382000003,518880,0.00432547691671048,2.8287863820000028,43980.80714000001,-0.1294415380299449
2022-05-10,79.56382000002486,37927.0,38006.563820000025,518880,-0.0073469755670479975,2.8006563820000023,43980.80714000001,-0.13583750977972583
2022-05-11,79.56382000002486,37733.0,37812.563820000025,518880,-0.005104381467337826,2.7812563820000027,43980.80714000001,-0.1402485247795747
2022-05-12,79.56382000002486,38101.6,38181.16382000002,518880,0.009748082720723472,2.818116382000002,43980.80714000001,-0.1318675962798619
2022-05-13,79.56382000002486,37713.6,37793.16382000002,518880,-0.01016207892009724,2.7793163820000024,43980.80714000001,-0.1406896262795596
2022-05-16,79.56382000002486,37354.7,37434.26382000002,518880,-0.009496426435991356,2.743426382000002,43980.80714000001,-0.14885000402928003
2022-05-17,79.56382000002486,37606.9,37686.463820000026,518880,0.00673714330840558,2.7686463820000027,43980.80714000001,-0.1431156845294764
2022-05-18,79.56382000002486,37209.2,37288.76382000002,518880,-0.01055286062124372,2.7288763820000024,43980.80714000001,-0.15215826527916668
2022-05-19,79.56382000002486,37345.0,37424.563820000025,518880,0.0036418477334227983,2.7424563820000025,43980.80714000001,-0.14907055477927242
2022-05-20,79.56382000002486,37558.4,37637.963820000026,518880,0.005702137265417129,2.7637963820000024,43980.80714000001,-0.14421843827943862
2022-05-23,79.56382000002486,37587.5,37667.063820000025,518880,0.0007731555335768192,2.7667063820000024,43980.80714000001,-0.14355678602946134
2022-05-24,79.56382000002486,37655.4,37734.963820000026,518880,0.0018026358604554815,2.7734963820000025,43980.80714000001,-0.14201293077951418
2022-05-25,79.56382000002486,37703.9,37783.463820000026,518880,0.001285280151091417,2.7783463820000027,43980.80714000001,-0.14091017702955197
2022-05-26,79.56382000002486,37839.7,37919.26382000002,518880,0.003594164914231923,2.791926382000002,43980.80714000001,-0.13782246652965788
2022-05-27,79.56382000002486,37994.9,38074.463820000026,518880,0.004092906464026491,2.807446382000003,43980.80714000001,-0.13429365452977868
2022-05-30,79.56382000002486,37684.5,37764.063820000025,518880,-0.008152445730225999,2.7764063820000024,43980.80714000001,-0.1413512785295369
2022-05-31,79.56382000002486,37606.9,37686.463820000026,518880,-0.0020548635965099704,2.7686463820000027,43980.80714000001,-0.1431156845294764
2022-06-01,36.044670000017504,37329.600000000006,37365.64467000002,512690,-0.00851284831424659,2.736564467000002,43980.80714000001,-0.15041021072993402
2022-06-02,36.044670000017504,37052.4,37088.44467000002,512690,-0.007418579351383792,2.708844467000002,43980.80714000001,-0.1567129599977594
2022-06-06,36.044670000017504,37653.0,37689.04467000002,512690,0.016193723013836925,2.768904467000002,43980.80714000001,-0.14305700325080464
2022-06-07,36.044670000017504,38161.2,38197.244670000015,512690,0.013484024454578858,2.8197244670000017,43980.80714000001,-0.13150196292645838
2022-06-08,36.044670000017504,38808.0,38844.04467000002,512690,0.01693315854554278,2.8844044670000017,43980.80714000001,-0.11679554796819931
2022-06-09,36.044670000017504,38115.0,38151.04467000002,512690,-0.017840572625415052,2.8151044670000016,43980.80714000001,-0.13255242113776253
2022-06-10,36.044670000017504,38669.4,38705.44467000002,512690,0.014531712166612198,2.870544467000002,43980.80714000001,-0.11994692260211193
2022-06-13,36.044670000017504,37930.2,37966.244670000015,512690,-0.019098088300040783,2.7966244670000013,43980.80714000001,-0.13675425398297944
2022-06-14,36.044670000017504,38484.6,38520.644670000016,512690,0.014602445009213039,2.8520644670000017,43980.80714000001,-0.12414875544732884
2022-06-15,36.044670000017504,38715.6,38751.644670000016,512690,0.005996784373131225,2.8751644670000016,43980.80714000001,-0.11889646439080777
2022-06-16,36.044670000017504,38715.6,38751.644670000016,512690,0.0,2.8751644670000016,43980.80714000001,-0.11889646439080777
2022-06-17,36.044670000017504,39732.0,39768.04467000002,512690,0.026228564197866344,2.976804467000002,43980.80714000001,-0.09578638374211504
2022-06-20,36.044670000017504,40425.0,40461.04467000002,512690,0.017426051638962825,3.046104467000002,43980.80714000001,-0.08002951057255184
2022-06-21,36.044670000017504,40194.0,40230.04467000002,512690,-0.005709195150150781,3.0230044670000016,43980.80714000001,-0.08528180162907291
2022-06-22,36.044670000017504,39593.4,39629.44467000002,512690,-0.0149291407684633,2.962944467000002,43980.80714000001,-0.09893775837602765
2022-06-23,36.044670000017504,40009.2,40045.244670000015,512690,0.010492198501957928,3.0045244670000013,43980.80714000001,-0.08948363447428982
2022-06-24,36.044670000017504,40748.4,40784.44467000002,512690,0.01845912057952237,3.0784444670000015,43980.80714000001,-0.07267630309342231
2022-06-27,36.044670000017504,41626.200000000004,41662.24467000002,512690,0.021522911666508326,3.166224467000002,43980.80714000001,-0.05271759707864218
2022-06-28,36.044670000017504,41949.6,41985.644670000016,512690,0.007762423809893004,3.1985644670000015,43980.80714000001,-0.04536438959951282
2022-06-29,36.044670000017504,41441.4,41477.44467000002,512690,-0.01210413711625391,3.1477444670000017,43980.80714000001,-0.0569194299238591
2022-06-30,36.044670000017504,43104.600000000006,43140.64467000002,512690,0.040098902264414926,3.3140644670000023,43980.80714000001,-0.01910293431690731
2022-07-01,5.402170000015758,42730.0,42735.402170000016,516160,-0.009393519802494144,3.2735402170000016,43980.80714000001,-0.028317010327609818
2022-07-04,5.402170000015758,43580.0,43585.402170000016,516160,0.019889832711032618,3.3585402170000016,43980.80714000001,-0.008990398214869957
2022-07-05,5.402170000015758,43960.0,43965.402170000016,516160,0.008718515399212201,3.396540217000002,43980.80714000001,-0.0003502657409391953
2022-07-06,5.402170000015758,43770.0,43775.402170000016,516160,-0.0043215799383645725,3.3775402170000017,43980.80714000001,-0.004670331977904576
2022-07-07,5.402170000015758,45000.0,45005.402170000016,516160,0.028097971441206848,3.500540217000002,45005.402170000016,0.0
2022-07-08,5.402170000015758,43700.0,43705.402170000016,516160,-0.028885421245420262,3.370540217000001,45005.402170000016,-0.028885421245420227
2022-07-11,5.402170000015758,42310.0,42315.402170000016,516160,-0.0318038487460508,3.231540217000002,45005.402170000016,-0.0597706024232157
2022-07-12,5.402170000015758,41730.0,41735.402170000016,516160,-0.013706593114012677,3.173540217000002,45005.402170000016,-0.07265794420963395
2022-07-13,5.402170000015758,42859.99999999999,42865.40217000001,516160,0.027075335117107135,3.2865402170000007,45005.402170000016,-0.04754984728092269
2022-07-14,5.402170000015758,44060.0,44065.402170000016,516160,0.02799460495531858,3.4065402170000016,45005.402170000016,-0.02088638151591924
2022-07-15,5.402170000015758,43450.0,43455.402170000016,516160,-0.01384305986012968,3.3455402170000017,45005.402170000016,-0.03444030994646258
2022-07-18,5.402170000015758,43670.0,43675.402170000016,516160,0.005062661694841708,3.367540217000002,45005.402170000016,-0.029552007889545307
2022-07-19,5.402170000015758,42670.0,42675.402170000016,516160,-0.0228961829843638,3.2675402170000014,45005.402170000016,-0.05177156269371471
2022-07-20,5.402170000015758,42830.0,42835.402170000016,516160,0.0037492323883119294,3.2835402170000014,45005.402170000016,-0.04821643392504761
2022-07-21,5.402170000015758,42150.0,42155.402170000016,516160,-0.015874719637306023,3.215540217000002,45005.402170000016,-0.0633257311918828
2022-07-22,5.402170000015758,42280.0,42285.402170000016,516160,0.003083827773146419,3.2285402170000017,45005.402170000016,-0.06043718906734078
2022-07-25,5.402170000015758,41470.0,41475.402170000016,516160,-0.019155546794696554,3.1475402170000013,45005.402170000016,-0.078435028458718
2022-07-26,5.402170000015758,41929.99999999999,41935.40217000001,516160,0.01109091114088634,3.1935402170000007,45005.402170000016,-0.06821403324880024
2022-07-27,5.402170000015758,42570.0,42575.402170000016,516160,0.015261568194947506,3.2575402170000016,45005.402170000016,-0.05399351817413165
2022-07-28,5.402170000015758,42220.00000000001,42225.40217000002,516160,-0.00822070919265716,3.2225402170000024,45005.402170000016,-0.06177036235559078
2022-07-29,5.402170000015758,42020.0,42025.402170000016,516160,-0.004736485378985966,3.202540217000002,45005.402170000016,-0.06621427331642482
2022-08-01,42842.547170000005,0.0,42842.547170000005,CASH,0.01944407329392117,3.2842547170000005,45005.402170000016,-0.04805767520597205
2022-08-02,42842.547170000005,0.0,42842.547170000005,CASH,0.0,3.2842547170000005,45005.402170000016,-0.04805767520597205
2022-08-03,42842.547170000005,0.0,42842.547170000005,CASH,0.0,3.2842547170000005,45005.402170000016,-0.04805767520597205
2022-08-04,42842.547170000005,0.0,42842.547170000005,CASH,0.0,3.2842547170000005,45005.402170000016,-0.04805767520597205
2022-08-05,42842.547170000005,0.0,42842.547170000005,CASH,0.0,3.2842547170000005,45005.402170000016,-0.04805767520597205
2022-08-08,42842.547170000005,0.0,42842.547170000005,CASH,0.0,3.2842547170000005,45005.402170000016,-0.04805767520597205
2022-08-09,42842.547170000005,0.0,42842.547170000005,CASH,0.0,3.2842547170000005,45005.402170000016,-0.04805767520597205
2022-08-10,42842.547170000005,0.0,42842.547170000005,CASH,0.0,3.2842547170000005,45005.402170000016,-0.04805767520597205
2022-08-11,42842.547170000005,0.0,42842.547170000005,CASH,0.0,3.2842547170000005,45005.402170000016,-0.04805767520597205
2022-08-12,42842.547170000005,0.0,42842.547170000005,CASH,0.0,3.2842547170000005,45005.402170000016,-0.04805767520597205
2022-08-15,42842.547170000005,0.0,42842.547170000005,CASH,0.0,3.2842547170000005,45005.402170000016,-0.04805767520597205
2022-08-16,42842.547170000005,0.0,42842.547170000005,CASH,0.0,3.2842547170000005,45005.402170000016,-0.04805767520597205
2022-08-17,42842.547170000005,0.0,42842.547170000005,CASH,0.0,3.2842547170000005,45005.402170000016,-0.04805767520597205
2022-08-18,42842.547170000005,0.0,42842.547170000005,CASH,0.0,3.2842547170000005,45005.402170000016,-0.04805767520597205
2022-08-19,42842.547170000005,0.0,42842.547170000005,CASH,0.0,3.2842547170000005,45005.402170000016,-0.04805767520597205
2022-08-22,42842.547170000005,0.0,42842.547170000005,CASH,0.0,3.2842547170000005,45005.402170000016,-0.04805767520597205
2022-08-23,42842.547170000005,0.0,42842.547170000005,CASH,0.0,3.2842547170000005,45005.402170000016,-0.04805767520597205
2022-08-24,42842.547170000005,0.0,42842.547170000005,CASH,0.0,3.2842547170000005,45005.402170000016,-0.04805767520597205
2022-08-25,42842.547170000005,0.0,42842.547170000005,CASH,0.0,3.2842547170000005,45005.402170000016,-0.04805767520597205
2022-08-26,42842.547170000005,0.0,42842.547170000005,CASH,0.0,3.2842547170000005,45005.402170000016,-0.04805767520597205
2022-08-29,42842.547170000005,0.0,42842.547170000005,CASH,0.0,3.2842547170000005,45005.402170000016,-0.04805767520597205
2022-08-30,42842.547170000005,0.0,42842.547170000005,CASH,0.0,3.2842547170000005,45005.402170000016,-0.04805767520597205
2022-08-31,42842.547170000005,0.0,42842.547170000005,CASH,0.0,3.2842547170000005,45005.402170000016,-0.04805767520597205
2022-09-01,296.3871500000023,42522.0,42818.38715,518880,-0.0005639258539912317,3.281838715,45005.402170000016,-0.04859450009443195
2022-09-02,296.3871500000023,42476.4,42772.787150000004,518880,-0.0010649630459048653,3.2772787150000005,45005.402170000016,-0.04960771179350204
2022-09-05,296.3871500000023,42921.0,43217.38715,518880,0.01039445941272965,3.3217387150000004,45005.402170000016,-0.03972889772756835
2022-09-06,296.3871500000023,43137.6,43433.98715,518880,0.005011871709139193,3.343398715,45005.402170000016,-0.03491614215698529
2022-09-07,296.3871500000023,42852.6,43148.98715,518880,-0.006561681731307556,3.314898715,45005.402170000016,-0.041248715276173575
2022-09-08,296.3871500000023,43206.0,43502.38715,518880,0.008190227009766682,3.3502387150000006,45005.402170000016,-0.033396324608380074
2022-09-09,296.3871500000023,43149.0,43445.38715,518880,-0.0013102729237238764,3.3445387150000006,45005.402170000016,-0.03466283923221773
2022-09-13,296.3871500000023,43171.799999999996,43468.18715,518880,0.0005247967965225087,3.3468187149999995,45005.402170000016,-0.03415623338268276
2022-09-14,296.3871500000023,42864.0,43160.38715,518880,-0.007081040645606884,3.3160387150000004,45005.402170000016,-0.04099541235140601
2022-09-15,296.3871500000023,42681.600000000006,42977.98715000001,518880,-0.004226097401908824,3.2977987150000008,45005.402170000016,-0.04504825914768638
2022-09-16,296.3871500000023,42499.200000000004,42795.58715000001,518880,-0.0042440330991629915,3.2795587150000003,45005.402170000016,-0.04910110594396691
2022-09-19,296.3871500000023,42647.4,42943.787150000004,518880,0.0034629738687905753,3.2943787150000006,45005.402170000016,-0.04580816792198907
2022-09-20,296.3871500000023,42795.6,43091.98715,518880,0.0034510230660920183,3.309198715,45005.402170000016,-0.04251522990001123
2022-09-21,296.3871500000023,42852.6,43148.98715,518880,0.001322751717194759,3.314898715,45005.402170000016,-0.041248715276173575
2022-09-22,296.3871500000023,42784.200000000004,43080.58715000001,518880,-0.0015852052276965622,3.3080587150000005,45005.402170000016,-0.04276853282477863
2022-09-23,296.3871500000023,42978.0,43274.38715,518880,0.004498545930333053,3.3274387150000004,45005.402170000016,-0.0384623831037307
2022-09-26,296.3871500000023,42590.4,42886.787150000004,518880,-0.008956799287682116,3.2886787150000005,45005.402170000016,-0.047074682545826724
2022-09-27,296.3871500000023,42704.4,43000.787150000004,518880,0.0026581613493517064,3.3000787150000006,45005.402170000016,-0.044541653298151414
2022-09-28,296.3871500000023,42761.4,43057.787150000004,518880,0.0013255571299466418,3.3057787150000006,45005.402170000016,-0.043275138674313755
2022-09-29,296.3871500000023,43092.0,43388.38715,518880,0.007678053654924133,3.3388387150000005,45005.402170000016,-0.035929353856055384
2022-09-30,296.3871500000023,43126.2,43422.58715,518880,0.0007882293453720379,3.342258715,45005.402170000016,-0.035169445081752855
2022-10-10,296.3871500000023,43434.0,43730.38715,518880,0.0070884767629513235,3.373038715,45005.402170000016,-0.02833026611302945
2022-10-11,296.3871500000023,43342.8,43639.187150000005,518880,-0.0020855063479582325,3.3639187150000005,45005.402170000016,-0.030356689511169634
2022-10-12,296.3871500000023,43456.799999999996,43753.18715,518880,0.0026123309677639206,3.3753187149999997,45005.402170000016,-0.027823660263494483
2022-10-13,296.3871500000023,43513.8,43810.187150000005,518880,0.0013027622377448367,3.3810187150000006,45005.402170000016,-0.026557145639656665
2022-10-14,296.3871500000023,43468.200000000004,43764.58715000001,518880,-0.0010408538051633887,3.376458715000001,45005.402170000016,-0.02757035733872676
2022-10-17,296.3871500000023,43228.799999999996,43525.18715,518880,-0.0054701761307488495,3.3525187149999995,45005.402170000016,-0.03288971875884511
2022-10-18,296.3871500000023,43342.8,43639.187150000005,518880,0.002619173114801976,3.3639187150000005,45005.402170000016,-0.030356689511169634
2022-10-19,296.3871500000023,43240.200000000004,43536.58715000001,518880,-0.0023510978709876396,3.353658715000001,45005.402170000016,-0.032636415834077386
2022-10-20,296.3871500000023,43035.0,43331.38715,518880,-0.004713277117772474,3.3331387150000005,45005.402170000016,-0.03719586847989304
2022-10-21,296.3871500000023,42989.4,43285.787150000004,518880,-0.0010523549555925271,3.328578715000001,45005.402170000016,-0.038209080178963135
2022-10-24,296.3871500000023,43548.0,43844.38715,518880,0.012904928771752644,3.384438715,45005.402170000016,-0.025797236865354137
2022-10-25,296.3871500000023,43627.8,43924.187150000005,518880,0.001820073336342709,3.3924187150000007,45005.402170000016,-0.024024116391981352
2022-10-26,296.3871500000023,43593.6,43889.98715,518880,-0.0007786142947441288,3.3889987150000005,45005.402170000016,-0.024784025166284043
2022-10-27,296.3871500000023,43513.8,43810.187150000005,518880,-0.0018181823505044603,3.3810187150000006,45005.402170000016,-0.026557145639656665
2022-10-28,296.3871500000023,43548.0,43844.38715,518880,0.000780640353872597,3.384438715,45005.402170000016,-0.025797236865354137
2022-10-31,296.3871500000023,43399.8,43696.187150000005,518880,-0.00338013619606492,3.3696187150000005,45005.402170000016,-0.02909017488733198
2022-11-01,296.3871500000023,43434.0,43730.38715,518880,0.0007826769846668302,3.373038715,45005.402170000016,-0.02833026611302945
2022-11-02,296.3871500000023,43513.8,43810.187150000005,518880,0.0018248180544635506,3.3810187150000006,45005.402170000016,-0.026557145639656665
2022-11-03,296.3871500000023,43377.0,43673.38715,518880,-0.003122561415490388,3.367338715,45005.402170000016,-0.029596780736867105
2022-11-04,296.3871500000023,43365.6,43661.98715,518880,-0.0002610285289036396,3.3661987150000003,45005.402170000016,-0.029850083661634667
2022-11-07,296.3871500000023,43684.799999999996,43981.18715,518880,0.007310707112422321,3.398118715,45005.402170000016,-0.02275760176814386
2022-11-08,296.3871500000023,43764.6,44060.98715,518880,0.0018144121423517845,3.4060987149999997,45005.402170000016,-0.020984481294771075
2022-11-09,296.3871500000023,44973.0,45269.38715,518880,0.027425622487443624,3.526938715,45269.38715,0.0
2022-11-10,296.3871500000023,44745.0,45041.38715,518880,-0.005036516161451954,3.504138715,45269.38715,-0.005036516161451944
2022-11-11,296.3871500000023,45052.8,45349.187150000005,518880,0.006833714933666357,3.5349187150000008,45349.187150000005,0.0
2022-11-14,296.3871500000023,44608.2,44904.58715,518880,-0.009803924346635351,3.490458715,45349.187150000005,-0.009803924346635302
2022-11-15,296.3871500000023,44836.2,45132.58715,518880,0.005077432272974303,3.513258715,45349.187150000005,-0.004776270835540341
2022-11-16,296.3871500000023,45075.6,45371.98715,518880,0.00530437130059358,3.5371987149999997,45371.98715,0.0
2022-11-17,296.3871500000023,45121.200000000004,45417.58715000001,518880,0.001005025410265814,3.5417587150000003,45417.58715000001,0.0
2022-11-18,296.3871500000023,45052.8,45349.187150000005,518880,-0.00150602452248505,3.5349187150000008,45417.58715000001,-0.0015060245224850402
2022-11-21,296.3871500000023,44870.4,45166.787150000004,518880,-0.004022122808876039,3.5166787150000003,45417.58715000001,-0.005522089915778427
2022-11-22,296.3871500000023,44824.8,45121.187150000005,518880,-0.0010095914028279696,3.5121187150000006,45417.58715000001,-0.006526106264101734
2022-11-23,296.3871500000023,44824.8,45121.187150000005,518880,0.0,3.5121187150000006,45417.58715000001,-0.006526106264101734
2022-11-24,296.3871500000023,44995.8,45292.187150000005,518880,0.003789793903948624,3.5292187150000007,45417.58715000001,-0.0027610449578892135
2022-11-25,296.3871500000023,45132.6,45428.98715,518880,0.0030203884733350783,3.5428987149999998,45428.98715,0.0
2022-11-28,296.3871500000023,45166.8,45463.187150000005,518880,0.0007528232995175355,3.546318715000001,45463.187150000005,0.0
2022-11-29,296.3871500000023,45041.4,45337.787150000004,518880,-0.0027582756040894774,3.5337787150000004,45463.187150000005,-0.0027582756040895264
2022-11-30,296.3871500000023,44961.6,45257.98715,518880,-0.0017601211928580662,3.5257987150000005,45463.187150000005,-0.004513541897601087
2022-12-01,39.46600999999646,45211.9,45251.36601,512000,-0.00014629771266805314,3.525136601,45463.187150000005,-0.0046591792894134405
2022-12-02,39.46600999999646,45002.1,45041.566009999995,512000,-0.004636324126737756,3.504156600999999,45463.187150000005,-0.009273901950800873
2022-12-05,39.46600999999646,46470.7,46510.16600999999,512000,0.03260543826726514,3.6510166009999994,46510.16600999999,0.0
2022-12-06,39.46600999999646,46260.9,46300.36601,512000,-0.004510841779298058,3.6300366009999996,46510.16600999999,-0.004510841779298041
2022-12-07,39.46600999999646,45946.2,45985.66600999999,512000,-0.006796922510980519,3.598566600999999,46510.16600999999,-0.011277104448245336
2022-12-08,39.46600999999646,45946.2,45985.66600999999,512000,0.0,3.598566600999999,46510.16600999999,-0.011277104448245336
2022-12-09,39.46600999999646,46156.0,46195.46601,512000,0.004562291213839886,3.6195466009999997,46510.16600999999,-0.006766262668947139
2022-12-12,39.46600999999646,45107.0,45146.46601,512000,-0.022707856216298783,3.514646601,46510.16600999999,-0.029320471565437812
2022-12-13,39.46600999999646,45107.0,45146.46601,512000,0.0,3.514646601,46510.16600999999,-0.029320471565437812
2022-12-14,39.46600999999646,45421.7,45461.16600999999,512000,0.006970645275541365,3.5461166009999996,46510.16600999999,-0.022554208896490673
2022-12-15,39.46600999999646,45107.0,45146.46601,512000,-0.0069223917382755795,3.514646601,46510.16600999999,-0.029320471565437812
2022-12-16,39.46600999999646,44897.2,44936.66600999999,512000,-0.004647096850361021,3.4936666009999993,46510.16600999999,-0.03383131334473601
2022-12-19,39.46600999999646,43743.299999999996,43782.76600999999,512000,-0.025678362514549247,3.3782766009999996,46510.16600999999,-0.05864094313087578
2022-12-20,39.46600999999646,43533.5,43572.96601,512000,-0.0047918397835367,3.357296601,46510.16600999999,-0.06315178491017383
2022-12-21,39.46600999999646,43428.6,43468.066009999995,512000,-0.0024074560353758434,3.346806601,46510.16600999999,-0.06540720579982293
2022-12-22,39.46600999999646,43428.6,43468.066009999995,512000,0.0,3.346806601,46510.16600999999,-0.06540720579982293
2022-12-23,39.46600999999646,43323.7,43363.16600999999,512000,-0.002413265866851977,3.336316600999999,46510.16600999999,-0.06766262668947202
2022-12-26,39.46600999999646,43323.7,43363.16600999999,512000,0.0,3.336316600999999,46510.16600999999,-0.06766262668947202
2022-12-27,39.46600999999646,43848.2,43887.66600999999,512000,0.012095519037494729,3.3887666009999995,46510.16600999999,-0.056385522241226685
2022-12-28,39.46600999999646,43638.4,43677.86601,512000,-0.00478038636076461,3.3677866009999997,46510.16600999999,-0.06089636402052472
2022-12-29,39.46600999999646,43428.6,43468.066009999995,512000,-0.004803348221086856,3.346806601,46510.16600999999,-0.06540720579982293
2022-12-30,39.46600999999646,43638.4,43677.86601,512000,0.004826531733703954,3.3677866009999997,46510.16600999999,-0.06089636402052472
2023-01-03,65.72454000000289,43324.6,43390.32454,512690,-0.006583230736001755,3.339032454,46510.16600999999,-0.06707869994119577
2023-01-04,65.72454000000289,43272.9,43338.624540000004,512690,-0.001191509871108165,3.333862454,46510.16600999999,-0.0681902848791829
2023-01-05,65.72454000000289,45547.7,45613.42454,512690,0.05248897546114861,3.561342454,46510.16600999999,-0.019280547607746407
2023-01-06,65.72454000000289,45444.3,45510.024540000006,512690,-0.002266876496179737,3.5510024540000007,46510.16600999999,-0.02150371748372067
2023-01-09,65.72454000000289,46685.1,46750.82454,512690,0.027264322806713093,3.675082454,46750.82454,0.0
2023-01-10,65.72454000000289,46736.8,46802.524540000006,512690,0.0011058628485958177,3.6802524540000006,46802.524540000006,0.0
2023-01-11,65.72454000000289,46530.0,46595.72454,512690,-0.0044185650674305466,3.659572454,46802.524540000006,-0.004418565067430503
2023-01-12,65.72454000000289,46219.8,46285.524540000006,512690,-0.0066572631515516845,3.6285524540000003,46802.524540000006,-0.011046412668576103
2023-01-13,65.72454000000289,47615.700000000004,47681.42454000001,512690,0.0301584569662523,3.7681424540000004,47681.42454000001,0.0
2023-01-16,65.72454000000289,48391.200000000004,48456.92454000001,512690,0.01626419528110845,3.845692454000001,48456.92454000001,0.0
2023-01-17,65.72454000000289,47770.8,47836.524540000006,512690,-0.01280312372048864,3.7836524540000003,48456.92454000001,-0.012803123720488625
2023-01-18,65.72454000000289,47357.200000000004,47422.92454000001,512690,-0.008646113068982553,3.742292454000001,48456.92454000001,-0.02133853953414766
2023-01-19,65.72454000000289,47253.8,47319.524540000006,512690,-0.0021803800799502504,3.731952454000001,48456.92454000001,-0.023472393487562453
2023-01-20,65.72454000000289,46995.3,47061.024540000006,512690,-0.005462861313863865,3.7061024540000007,48456.92454000001,-0.02880702837109937
2023-01-30,65.72454000000289,47874.200000000004,47939.92454000001,512690,0.018675751507555294,3.7939924540000005,48456.92454000001,-0.01066926976707383
2023-01-31,65.72454000000289,46478.3,46544.024540000006,512690,-0.029117692891554192,3.6544024540000004,48456.92454000001,-0.039476298138173195
2023-02-01,65.72454000000289,46736.8,46802.524540000006,512690,0.005553881568145069,3.6802524540000006,48456.92454000001,-0.03414166325463629
2023-02-02,65.72454000000289,47253.8,47319.524540000006,512690,0.011046412668576089,3.731952454000001,48456.92454000001,-0.023472393487562453
2023-02-03,65.72454000000289,46840.200000000004,46905.92454000001,512690,-0.008740578102182206,3.690592454000001,48456.92454000001,-0.03200780930122149
2023-02-06,65.72454000000289,46013.0,46078.72454,512690,-0.017635298911859,3.6078724540000007,48456.92454000001,-0.0490786409285397
2023-02-07,65.72454000000289,45961.3,46027.024540000006,512690,-0.001121992861480292,3.602702454000001,48456.92454000001,-0.050145567905247025
2023-02-08,65.72454000000289,45599.4,45665.124540000004,512690,-0.00786277200442298,3.5665124540000006,48456.92454000001,-0.05761405674219874
2023-02-09,65.72454000000289,47150.4,47216.124540000004,512690,0.03396465060861509,3.7216124540000006,48456.92454000001,-0.02560624744097725
2023-02-10,65.72454000000289,47408.9,47474.624540000004,512690,0.005474824596860106,3.7474624540000008,48456.92454000001,-0.020271612557440335
2023-02-13,65.72454000000289,49166.7,49232.42454,512690,0.03702609587820871,3.9232424540000004,49232.42454,0.0
2023-02-14,65.72454000000289,48856.5,48922.22454,512690,-0.006300725647747973,3.8922224540000006,49232.42454,-0.006300725647748021
2023-02-15,65.72454000000289,48856.5,48922.22454,512690,0.0,3.8922224540000006,49232.42454,-0.006300725647748021
2023-02-16,65.72454000000289,49218.399999999994,49284.12454,512690,0.00739745592934149,3.928412454,49284.12454,0.0
2023-02-17,65.72454000000289,48494.6,48560.32454,512690,-0.014686270817543812,3.856032454,49284.12454,-0.014686270817543787
2023-02-20,65.72454000000289,49632.0,49697.72454,512690,0.02342241347796392,3.969772454,49697.72454,0.0
2023-02-21,65.72454000000289,48908.2,48973.92454,512690,-0.014564047080615095,3.8973924540000002,49697.72454,-0.01456404708061515
2023-02-22,65.72454000000289,48804.799999999996,48870.52454,512690,-0.0021113276293703853,3.887052454,49697.72454,-0.016644625234988764
2023-02-23,65.72454000000289,48236.100000000006,48301.82454000001,512690,-0.011636871209240174,3.830182454000001,49697.72454,-0.028087805084043273
2023-02-24,65.72454000000289,47564.0,47629.72454,512690,-0.01391458824590408,3.7629724540000007,49697.72454,-0.04161156308747169
2023-02-27,65.72454000000289,48184.4,48250.124540000004,512690,0.013025479487688063,3.8250124540000003,49697.72454,-0.02912809416123015
2023-02-28,65.72454000000289,48184.4,48250.124540000004,512690,0.0,3.8250124540000003,49697.72454,-0.02912809416123015
2023-03-01,12.558539999998175,48461.0,48473.55854,515050,0.004630744524084296,3.847355854,49697.72454,-0.024632234399679914
2023-03-02,12.558539999998175,48300.0,48312.55854,515050,-0.0033213984045991074,3.831255854,49697.72454,-0.027871819340242264
2023-03-03,12.558539999998175,48139.0,48151.55854,515050,-0.003332466854693683,3.8151558539999995,49697.72454,-0.031111404280804618
2023-03-06,12.558539999998175,48139.0,48151.55854,515050,0.0,3.8151558539999995,49697.72454,-0.031111404280804618
2023-03-07,12.558539999998175,46851.0,46863.55854,515050,-0.026748874575472925,3.6863558539999994,49697.72454,-0.05702808380530342
2023-03-08,12.558539999998175,47173.0,47185.55854,515050,0.006871010440343772,3.718555854,49697.72454,-0.05054891392417872
2023-03-09,12.558539999998175,47817.0,47829.55854,515050,0.013648243656034564,3.782955854,49697.72454,-0.03759057416192932
2023-03-10,12.558539999998175,47173.0,47185.55854,515050,-0.013464477190635593,3.718555854,49697.72454,-0.05054891392417872
2023-03-13,12.558539999998175,47817.0,47829.55854,515050,0.013648243656034564,3.782955854,49697.72454,-0.03759057416192932
2023-03-14,12.558539999998175,47495.0,47507.55854,515050,-0.0067322385953177966,3.7507558539999994,49697.72454,-0.04406974404305402
2023-03-15,12.558539999998175,47334.0,47346.55854,515050,-0.0033889344127091547,3.7346558539999997,49697.72454,-0.047309328983616374
2023-03-16,12.558539999998175,46690.0,46702.55854,515050,-0.013601833372026917,3.6702558539999997,49697.72454,-0.060267668745865775
2023-03-17,12.558539999998175,47978.0,47990.55854,515050,0.027578788834381474,3.7990558539999997,49697.72454,-0.034350989221366965
2023-03-20,12.558539999998175,48622.0,48634.55854,515050,0.013419306205057602,3.8634558539999997,49697.72454,-0.021392649459117563
2023-03-21,12.558539999998175,48783.0,48795.55854,515050,0.0033104032365707248,3.8795558539999995,49697.72454,-0.018153064518555213
2023-03-22,12.558539999998175,50554.0,50566.55854,515050,0.03629428687752867,4.056655854,50566.55854,0.0
2023-03-23,12.558539999998175,52325.0,52337.55854,515050,0.03502314674230944,4.233755854,52337.55854,0.0
2023-03-24,12.558539999998175,53291.0,53303.55854,515050,0.018457108565003377,4.330355854,53303.55854,0.0
2023-03-27,12.558539999998175,52969.0,52981.55854,515050,-0.006040872482432236,4.298155854,53303.55854,-0.006040872482432202
2023-03-28,12.558539999998175,51520.0,51532.55854,515050,-0.027349138831128106,4.153255854,53303.55854,-0.03322479865337711
2023-03-29,12.558539999998175,52164.0,52176.55854,515050,0.012496953736541583,4.217655854,53303.55854,-0.021143053688512707
2023-03-30,12.558539999998175,52003.0,52015.55854,515050,-0.003085676873007537,4.2015558539999995,53303.55854,-0.024163489929728808
2023-03-31,12.558539999998175,52808.0,52820.55854,515050,0.015476138728395261,4.282055854,53303.55854,-0.009061308723648303
2023-04-03,356.42065999999613,54028.8,54385.22066,518880,0.02962221837951806,4.438522066,54385.22066,0.0
2023-04-04,356.42065999999613,54643.200000000004,54999.62066,518880,0.01129718685598502,4.499962066,54999.62066,0.0
2023-04-06,356.42065999999613,55424.0,55780.420659999996,518880,0.014196461550649353,4.578042065999999,55780.420659999996,0.0
2023-04-07,356.42065999999613,55398.4,55754.82066,518880,-0.00045894239765664757,4.575482066,55780.420659999996,-0.0004589423976566789
2023-04-10,356.42065999999613,54873.6,55230.020659999995,518880,-0.009412639011078472,4.523002065999999,55780.420659999996,-0.009867261549619182
2023-04-11,356.42065999999613,55180.8,55537.22066,518880,0.005562192378872233,4.553722066,55780.420659999996,-0.0043599527777386455
2023-04-12,356.42065999999613,55564.8,55921.22066,518880,0.006914281907459019,4.592122066,55921.22066,0.0
2023-04-13,356.42065999999613,55628.8,55985.22066,518880,0.0011444671494049707,4.598522066,55985.22066,0.0
2023-04-14,356.42065999999613,55884.799999999996,56241.22065999999,518880,0.004572635366656641,4.624122065999999,56241.22065999999,0.0
2023-04-17,356.42065999999613,55347.2,55703.62065999999,518880,-0.009558825247588443,4.5703620659999995,56241.22065999999,-0.009558825247588405
2023-04-18,356.42065999999613,55104.0,55460.420659999996,518880,-0.004365963955636265,4.546042066,56241.22065999999,-0.0138830557167355
2023-04-19,356.42065999999613,55001.6,55358.020659999995,518880,-0.0018463617618006412,4.535802066,56241.22065999999,-0.0157037843353238
2023-04-20,356.42065999999613,55142.399999999994,55498.82065999999,518880,0.0025434435393700827,4.5498820659999994,56241.22065999999,-0.013200282484765001
2023-04-21,356.42065999999613,54886.4,55242.82066,518880,-0.004612710629804395,4.524282066,56241.22065999999,-0.017752104031235554
2023-04-24,356.42065999999613,54745.6,55102.020659999995,518880,-0.002548747480990876,4.510202066,56241.22065999999,-0.02025560588179448
2023-04-25,356.42065999999613,55244.799999999996,55601.22065999999,518880,0.009059558869542128,4.560122065999999,56241.22065999999,-0.011379553866176704
2023-04-26,356.42065999999613,55334.40000000001,55690.820660000005,518880,0.0016114754125258202,4.569082066000001,56241.22065999999,-0.009786416324911732
2023-04-27,356.42065999999613,55462.4,55818.82066,518880,0.0022984039107889487,4.5818820659999995,56241.22065999999,-0.007510505551676521
2023-04-28,356.42065999999613,55014.4,55370.82066,518880,-0.008025966774339977,4.537082066,56241.22065999999,-0.015476193258000214
2023-05-04,356.42065999999613,56255.99999999999,56612.42065999999,518880,0.0224233627965158,4.661242065999999,56612.42065999999,0.0
2023-05-05,356.42065999999613,56512.0,56868.420659999996,518880,0.004521975867053607,4.686842066,56868.420659999996,0.0
2023-05-08,356.42065999999613,55910.4,56266.82066,518880,-0.010578806181321454,4.626682066,56868.420659999996,-0.010578806181321487
2023-05-09,356.42065999999613,56025.6,56382.020659999995,518880,0.00204738776153901,4.638202066,56868.420659999996,-0.00855307733808976
2023-05-10,356.42065999999613,56294.399999999994,56650.82065999999,518880,0.004767477235712025,4.665082065999999,56868.420659999996,-0.003826376703882352
2023-05-11,356.42065999999613,56243.200000000004,56599.62066,518880,-0.000903782141255749,4.659962066,56868.420659999996,-0.004726700634207407
2023-05-12,356.42065999999613,55872.0,56228.420659999996,518880,-0.006558347841761014,4.622842066,56868.420659999996,-0.01125404912906544
2023-05-15,356.42065999999613,56089.6,56446.020659999995,518880,0.003869929075827505,4.644602065999999,56868.420659999996,-0.007427672425183216
2023-05-16,356.42065999999613,55923.2,56279.62065999999,518880,-0.0029479491743501507,4.627962065999999,56868.420659999996,-0.010353725198740256
2023-05-17,356.42065999999613,55718.399999999994,56074.82065999999,518880,-0.0036389726440633208,4.607482065999999,56868.420659999996,-0.013955020920041247
2023-05-18,356.42065999999613,55616.0,55972.420659999996,518880,-0.0018261315648404608,4.597242066,56868.420659999996,-0.015755668780691616
2023-05-19,356.42065999999613,55424.0,55780.420659999996,518880,-0.0034302607915832617,4.578042065999999,56868.420659999996,-0.019131883519411245
2023-05-22,356.42065999999613,55641.600000000006,55998.02066,518880,0.0039010103800820595,4.5998020660000005,56868.420659999996,-0.015305506815528896
2023-05-23,356.42065999999613,55424.0,55780.420659999996,518880,-0.003885851632528192,4.578042065999999,56868.420659999996,-0.019131883519411245
2023-05-24,356.42065999999613,55705.600000000006,56062.02066,518880,0.005048366374223789,4.606202066,56868.420659999996,-0.01418010190262235
2023-05-25,356.42065999999613,55488.0,55844.420659999996,518880,-0.0038814155722228794,4.584442065999999,56868.420659999996,-0.018006478606504703
2023-05-26,356.42065999999613,55167.99999999999,55524.42065999999,518880,-0.005730205385212517,4.5524420659999985,56868.420659999996,-0.023633503171037552
2023-05-29,356.42065999999613,55219.2,55575.62065999999,518880,0.0009221167801736208,4.557562065999999,56868.420659999996,-0.022733179240712238
2023-05-30,356.42065999999613,55040.0,55396.420659999996,518880,-0.0032244354245957174,4.539642066,56868.420659999996,-0.02588431299685051
2023-05-31,356.42065999999613,55872.0,56228.420659999996,518880,0.015019020905817415,4.622842066,56868.420659999996,-0.01125404912906544
2023-06-01,356.42065999999613,55833.6,56190.020659999995,518880,-0.0006829286604401741,4.619002065999999,56868.420659999996,-0.011929292076809392
2023-06-02,356.42065999999613,56000.0,56356.420659999996,518880,0.002961379939809383,4.635642066,56868.420659999996,-0.009003239303252352
2023-06-05,356.42065999999613,55347.2,55703.62065999999,518880,-0.011583418399446765,4.5703620659999995,56868.420659999996,-0.02048236941489915
2023-06-06,356.42065999999613,55769.600000000006,56126.02066,518880,0.007582990028210723,4.612602066,56868.420659999996,-0.013054696989715807
2023-06-07,356.42065999999613,55846.40000000001,56202.820660000005,518880,0.001368349280723935,4.620282066000001,56868.420659999996,-0.011704211094227904
2023-06-08,356.42065999999613,55526.4,55882.82066,518880,-0.005693664414742727,4.588282066,56868.420659999996,-0.01733123565876075
2023-06-09,356.42065999999613,56000.0,56356.420659999996,518880,0.008474876436203038,4.635642066,56868.420659999996,-0.009003239303252352
2023-06-12,356.42065999999613,56038.4,56394.82066,518880,0.0006813775529086463,4.639482065999999,56868.420659999996,-0.0083279963555084
2023-06-13,356.42065999999613,56166.4,56522.82066,518880,0.0022697119789014675,4.652282066,56868.420659999996,-0.006077186529695312
2023-06-14,356.42065999999613,55846.40000000001,56202.820660000005,518880,-0.005661430131466361,4.620282066000001,56868.420659999996,-0.011704211094227904
2023-06-15,356.42065999999613,55411.2,55767.62065999999,518880,-0.007743383604050136,4.576762066,56868.420659999996,-0.019356964501992608
2023-06-16,356.42065999999613,55795.2,56151.62065999999,518880,0.006885716038364631,4.615162065999999,56868.420659999996,-0.012604535024553344
2023-06-19,356.42065999999613,55884.799999999996,56241.22065999999,518880,0.0015956796784644123,4.624122065999999,56868.420659999996,-0.011028968146484207
2023-06-20,356.42065999999613,55987.2,56343.62065999999,518880,0.0018207286185882854,4.634362066,56868.420659999996,-0.00922832028583371
2023-06-21,356.42065999999613,55756.799999999996,56113.22065999999,518880,-0.004089194079136771,4.611322066,56868.420659999996,-0.013279777972297296
2023-06-26,356.42065999999613,55731.200000000004,56087.62066,518880,-0.0004562204717335483,4.608762066,56868.420659999996,-0.01372993993745976
2023-06-27,356.42065999999613,55679.99999999999,56036.42065999999,518880,-0.000912857407704637,4.603642065999999,56868.420659999996,-0.014630263867785199
2023-06-28,356.42065999999613,55488.0,55844.420659999996,518880,-0.0034263430415184537,4.584442065999999,56868.420659999996,-0.018006478606504703
2023-06-29,356.42065999999613,55590.4,55946.82066,518880,0.001833665723268041,4.594682066,56868.420659999996,-0.016205830745854206
2023-06-30,356.42065999999613,55667.200000000004,56023.62066,518880,0.0013727321605410125,4.602362066,56868.420659999996,-0.014855344850366303
2023-07-03,56109.289779999985,0.0,56109.289779999985,CASH,0.0015291607181173728,4.610928977999999,56868.420659999996,-0.013348900342048142
2023-07-04,56109.289779999985,0.0,56109.289779999985,CASH,0.0,4.610928977999999,56868.420659999996,-0.013348900342048142
2023-07-05,56109.289779999985,0.0,56109.289779999985,CASH,0.0,4.610928977999999,56868.420659999996,-0.013348900342048142
2023-07-06,56109.289779999985,0.0,56109.289779999985,CASH,0.0,4.610928977999999,56868.420659999996,-0.013348900342048142
2023-07-07,56109.289779999985,0.0,56109.289779999985,CASH,0.0,4.610928977999999,56868.420659999996,-0.013348900342048142
2023-07-10,56109.289779999985,0.0,56109.289779999985,CASH,0.0,4.610928977999999,56868.420659999996,-0.013348900342048142
2023-07-11,56109.289779999985,0.0,56109.289779999985,CASH,0.0,4.610928977999999,56868.420659999996,-0.013348900342048142
2023-07-12,56109.289779999985,0.0,56109.289779999985,CASH,0.0,4.610928977999999,56868.420659999996,-0.013348900342048142
2023-07-13,56109.289779999985,0.0,56109.289779999985,CASH,0.0,4.610928977999999,56868.420659999996,-0.013348900342048142
2023-07-14,56109.289779999985,0.0,56109.289779999985,CASH,0.0,4.610928977999999,56868.420659999996,-0.013348900342048142
2023-07-17,56109.289779999985,0.0,56109.289779999985,CASH,0.0,4.610928977999999,56868.420659999996,-0.013348900342048142
2023-07-18,56109.289779999985,0.0,56109.289779999985,CASH,0.0,4.610928977999999,56868.420659999996,-0.013348900342048142
2023-07-19,56109.289779999985,0.0,56109.289779999985,CASH,0.0,4.610928977999999,56868.420659999996,-0.013348900342048142
2023-07-20,56109.289779999985,0.0,56109.289779999985,CASH,0.0,4.610928977999999,56868.420659999996,-0.013348900342048142
2023-07-21,56109.289779999985,0.0,56109.289779999985,CASH,0.0,4.610928977999999,56868.420659999996,-0.013348900342048142
2023-07-24,56109.289779999985,0.0,56109.289779999985,CASH,0.0,4.610928977999999,56868.420659999996,-0.013348900342048142
2023-07-25,56109.289779999985,0.0,56109.289779999985,CASH,0.0,4.610928977999999,56868.420659999996,-0.013348900342048142
2023-07-26,56109.289779999985,0.0,56109.289779999985,CASH,0.0,4.610928977999999,56868.420659999996,-0.013348900342048142
2023-07-27,56109.289779999985,0.0,56109.289779999985,CASH,0.0,4.610928977999999,56868.420659999996,-0.013348900342048142
2023-07-28,56109.289779999985,0.0,56109.289779999985,CASH,0.0,4.610928977999999,56868.420659999996,-0.013348900342048142
2023-07-31,56109.289779999985,0.0,56109.289779999985,CASH,0.0,4.610928977999999,56868.420659999996,-0.013348900342048142
2023-08-01,45.27561999998579,55931.4,55976.67561999999,512000,-0.0023634973908949197,4.597667561999999,56868.420659999996,-0.015680847641813322
2023-08-02,45.27561999998579,56394.6,56439.875619999984,512000,0.008274875113064128,4.643987561999999,56868.420659999996,-0.00753572958465226
2023-08-03,45.27561999998579,58594.8,58640.07561999999,512000,0.0389830766958732,4.8640075619999985,58640.07561999999,0.0
2023-08-04,45.27561999998579,59173.8,59219.07561999999,512000,0.009873793542696685,4.921907561999999,59219.07561999999,0.0
2023-08-07,45.27561999998579,59058.0,59103.275619999986,512000,-0.0019554509891892558,4.910327561999998,59219.07561999999,-0.0019554509891892657
2023-08-08,45.27561999998579,58594.8,58640.07561999999,512000,-0.00783712907856593,4.8640075619999985,59219.07561999999,-0.009777254945946083
2023-08-09,45.27561999998579,58479.0,58524.275619999986,512000,-0.001974758708539359,4.852427561999998,59219.07561999999,-0.011732705935135349
2023-08-10,45.27561999998579,59637.0,59682.275619999986,512000,0.019786660966449654,4.968227561999998,59682.275619999986,0.0
2023-08-11,45.27561999998579,57089.4,57134.67561999999,512000,-0.04268603992616993,4.713467561999999,59682.275619999986,-0.04268603992616995
2023-08-14,45.27561999998579,56510.4,56555.67561999999,512000,-0.010133950945147574,4.655567561999999,59682.275619999986,-0.05238741263666312
2023-08-15,45.27561999998579,57436.8,57482.07561999999,512000,0.016380318860029552,4.748207561999999,59682.275619999986,-0.036865216299874014
2023-08-16,45.27561999998579,57668.4,57713.67561999999,512000,0.004029082066052236,4.771367561999999,59682.275619999986,-0.03298466721567677
2023-08-17,45.27561999998579,57668.4,57713.67561999999,512000,0.0,4.771367561999999,59682.275619999986,-0.03298466721567677
2023-08-18,45.27561999998579,56626.2,56671.47561999998,512000,-0.018058111683305178,4.6671475619999985,59682.275619999986,-0.05044713809456456
2023-08-21,45.27561999998579,54657.6,54702.875619999984,512000,-0.0347370520788991,4.470287561999998,59682.275619999986,-0.08343180531024133
2023-08-22,45.27561999998579,55584.0,55629.275619999986,512000,0.016935124333048668,4.562927561999999,59682.275619999986,-0.06790960897345223
2023-08-23,45.27561999998579,54310.2,54355.47561999998,512000,-0.02289801522315782,4.435547561999998,59682.275619999986,-0.08925262893653726
2023-08-24,45.27561999998579,55005.0,55050.275619999986,512000,0.012782520842193668,4.505027561999999,59682.275619999986,-0.0776109816839454
2023-08-25,45.27561999998579,55468.2,55513.47561999998,512000,0.008414126810142974,4.551347561999998,59682.275619999986,-0.06984988351555091
2023-08-28,45.27561999998579,56857.799999999996,56903.07561999998,512000,0.02503176002727825,4.690307561999998,59682.275619999986,-0.04656658901036732
2023-08-29,45.27561999998579,56510.4,56555.67561999999,512000,-0.0061051181542441935,4.655567561999999,59682.275619999986,-0.05238741263666312
2023-08-30,45.27561999998579,54773.399999999994,54818.67561999998,512000,-0.030713097862555605,4.481867561999998,59682.275619999986,-0.08149153076814276
2023-08-31,45.27561999998579,53731.200000000004,53776.47561999999,512000,-0.019011769040617854,4.377647561999999,59682.275619999986,-0.09895400164703032
2023-09-01,197.56169999998383,53419.1,53616.66169999998,518880,-0.002971818404934101,4.361666169999999,59682.275619999986,-0.10163174672862792
2023-09-04,197.56169999998383,53621.4,53818.961699999985,518880,0.0037730808593030574,4.381896169999998,59682.275619999986,-0.0982421306676041
2023-09-05,197.56169999998383,53645.2,53842.76169999998,518880,0.0004422233214504967,4.384276169999998,59682.275619999986,-0.09784335230748371
2023-09-06,197.56169999998383,53609.5,53807.061699999984,518880,-0.0006630417696422697,4.380706169999998,59682.275619999986,-0.09844151984766433
2023-09-07,197.56169999998383,53597.59999999999,53795.161699999975,518880,-0.00022116056190457645,4.379516169999998,59682.275619999986,-0.09864090902772471
2023-09-08,197.56169999998383,53978.399999999994,54175.96169999998,518880,0.007078703510988937,4.417596169999998,59682.275619999986,-0.09226045526579754
2023-09-11,197.56169999998383,54085.5,54283.061699999984,518880,0.001976891533427283,4.428306169999998,59682.275619999986,-0.09046595264525543
2023-09-12,197.56169999998383,54097.4,54294.961699999985,518880,0.00021922123821549455,4.429496169999998,59682.275619999986,-0.0902665634651952
2023-09-13,197.56169999998383,54228.3,54425.86169999999,518880,0.0024109050987690672,4.4425861699999984,59682.275619999986,-0.08807328248453272
2023-09-14,197.56169999998383,54644.799999999996,54842.36169999998,518880,0.00765261195671596,4.484236169999998,59682.275619999986,-0.08109466118242506
2023-09-15,197.56169999998383,54121.2,54318.76169999998,518880,-0.009547364186542673,4.431876169999998,59682.275619999986,-0.08986778510507482
2023-09-18,197.56169999998383,53835.6,54033.16169999998,518880,-0.005257851818812664,4.403316169999998,59682.275619999986,-0.09465312542652013
2023-09-19,197.56169999998383,54252.1,54449.66169999998,518880,0.007708229296528479,4.444966169999998,59682.275619999986,-0.08767450412441236
2023-09-20,197.56169999998383,54668.600000000006,54866.16169999999,518880,0.0076492669925993795,4.486616169999999,59682.275619999986,-0.08069588282230444
2023-09-21,197.56169999998383,54502.0,54699.561699999984,518880,-0.003036479951175508,4.469956169999999,59682.275619999986,-0.08348733134314766
2023-09-22,197.56169999998383,54275.9,54473.461699999985,518880,-0.00413348833104088,4.4473461699999985,59682.275619999986,-0.08727572576429185
2023-09-25,197.56169999998383,54513.9,54711.461699999985,518880,0.00436909997221635,4.471146169999998,59682.275619999986,-0.08328794216308741
2023-09-26,197.56169999998383,54478.200000000004,54675.76169999999,518880,-0.0006525140965114584,4.467576169999999,59682.275619999986,-0.08388610970326803
2023-09-27,197.56169999998383,53680.9,53878.461699999985,518880,-0.014582329997974264,4.387846169999999,59682.275619999986,-0.09724518476730298
2023-09-28,197.56169999998383,52788.4,52985.961699999985,518880,-0.016565060913756535,4.298596169999999,59682.275619999986,-0.11219937327181966
2023-10-09,52589.43941999998,0.0,52589.43941999998,CASH,-0.007483534643479062,4.258943941999998,59682.275619999986,-0.11884326001844242
2023-10-10,52589.43941999998,0.0,52589.43941999998,CASH,0.0,4.258943941999998,59682.275619999986,-0.11884326001844242
2023-10-11,52589.43941999998,0.0,52589.43941999998,CASH,0.0,4.258943941999998,59682.275619999986,-0.11884326001844242
2023-10-12,52589.43941999998,0.0,52589.43941999998,CASH,0.0,4.258943941999998,59682.275619999986,-0.11884326001844242
2023-10-13,52589.43941999998,0.0,52589.43941999998,CASH,0.0,4.258943941999998,59682.275619999986,-0.11884326001844242
2023-10-16,52589.43941999998,0.0,52589.43941999998,CASH,0.0,4.258943941999998,59682.275619999986,-0.11884326001844242
2023-10-17,52589.43941999998,0.0,52589.43941999998,CASH,0.0,4.258943941999998,59682.275619999986,-0.11884326001844242
2023-10-18,52589.43941999998,0.0,52589.43941999998,CASH,0.0,4.258943941999998,59682.275619999986,-0.11884326001844242
2023-10-19,52589.43941999998,0.0,52589.43941999998,CASH,0.0,4.258943941999998,59682.275619999986,-0.11884326001844242
2023-10-20,52589.43941999998,0.0,52589.43941999998,CASH,0.0,4.258943941999998,59682.275619999986,-0.11884326001844242
2023-10-23,52589.43941999998,0.0,52589.43941999998,CASH,0.0,4.258943941999998,59682.275619999986,-0.11884326001844242
2023-10-24,52589.43941999998,0.0,52589.43941999998,CASH,0.0,4.258943941999998,59682.275619999986,-0.11884326001844242
2023-10-25,52589.43941999998,0.0,52589.43941999998,CASH,0.0,4.258943941999998,59682.275619999986,-0.11884326001844242
2023-10-26,52589.43941999998,0.0,52589.43941999998,CASH,0.0,4.258943941999998,59682.275619999986,-0.11884326001844242
2023-10-27,52589.43941999998,0.0,52589.43941999998,CASH,0.0,4.258943941999998,59682.275619999986,-0.11884326001844242
2023-10-30,52589.43941999998,0.0,52589.43941999998,CASH,0.0,4.258943941999998,59682.275619999986,-0.11884326001844242
2023-10-31,52589.43941999998,0.0,52589.43941999998,CASH,0.0,4.258943941999998,59682.275619999986,-0.11884326001844242
2023-11-01,88.09373999998206,52474.2,52562.29373999998,518880,-0.0005161812010051614,4.256229373999998,59682.275619999986,-0.11929809656275986
2023-11-02,88.09373999998206,52588.200000000004,52676.29373999999,518880,0.0021688551219607444,4.267629373999998,59682.275619999986,-0.11738798172856937
2023-11-03,88.09373999998206,52554.00000000001,52642.09373999999,518880,-0.0006492484108469032,4.264209373999999,59682.275619999986,-0.11796101617882643
2023-11-06,88.09373999998206,52291.799999999996,52379.89373999998,518880,-0.004980804929511806,4.237989373999998,59682.275619999986,-0.12235428029746447
2023-11-07,88.09373999998206,52086.6,52174.69373999998,518880,-0.003917533720449229,4.217469373999998,59682.275619999986,-0.12579248699900708
2023-11-08,88.09373999998206,51881.4,51969.49373999998,518880,-0.00393294115002496,4.196949373999998,59682.275619999986,-0.12923069370054968
2023-11-09,88.09373999998206,51539.4,51627.49373999998,518880,-0.006580783751925723,4.162749373999999,59682.275619999986,-0.13496103820312078
2023-11-10,88.09373999998206,51915.600000000006,52003.69373999999,518880,0.007286815081409381,4.200369373999999,59682.275619999986,-0.12865765925029252
2023-11-13,88.09373999998206,51733.200000000004,51821.29373999999,518880,-0.003507443161863355,4.182129373999999,59682.275619999986,-0.1317138429849971
2023-11-14,88.09373999998206,51961.2,52049.29373999998,518880,0.0043997357754888,4.204929373999998,59682.275619999986,-0.1278936133166165
2023-11-15,88.09373999998206,52177.8,52265.893739999985,518880,0.004161439751362961,4.226589373999999,59682.275619999986,-0.12426439513165471
2023-11-16,88.09373999998206,51972.6,52060.69373999998,518880,-0.003926078467552552,4.206069373999998,59682.275619999986,-0.12770260183319745
2023-11-17,88.09373999998206,52120.8,52208.893739999985,518880,0.0028466773942763535,4.220889373999999,59682.275619999986,-0.1252194525487499
2023-11-20,88.09373999998206,51550.8,51638.893739999985,518880,-0.010917680095628879,4.163889373999998,59682.275619999986,-0.13477002671970173
2023-11-21,88.09373999998206,51482.4,51570.49373999998,518880,-0.001324582984763234,4.157049373999999,59682.275619999986,-0.13591609562021598
2023-11-22,88.09373999998206,51288.6,51376.69373999998,518880,-0.003757962857153796,4.137669373999998,59682.275619999986,-0.13916329083833964
2023-11-23,88.09373999998206,51243.0,51331.09373999998,518880,-0.0008875619795770673,4.133109373999998,59682.275619999986,-0.13992733677201577
2023-11-24,88.09373999998206,51288.6,51376.69373999998,518880,0.00088835044565716,4.137669373999998,59682.275619999986,-0.13916329083833964
2023-11-27,88.09373999998206,51824.4,51912.49373999998,518880,0.010428853260030735,4.191249373999998,59682.275619999986,-0.13018575111764488
2023-11-28,88.09373999998206,51983.99999999999,52072.093739999975,518880,0.0030744044160031514,4.207209373999998,59682.275619999986,-0.1275115903497785
2023-11-29,88.09373999998206,52337.4,52425.49373999998,518880,0.006786744580783655,4.242549373999998,59682.275619999986,-0.12159023436378823
2023-11-30,88.09373999998206,52314.600000000006,52402.69373999999,518880,-0.00043490291408743165,4.240269373999999,59682.275619999986,-0.12197225733062622
2023-12-01,88.09373999998206,52314.600000000006,52402.69373999999,518880,0.0,4.240269373999999,59682.275619999986,-0.12197225733062622
2023-12-04,88.09373999998206,52930.2,53018.29373999998,518880,0.011747487696993852,4.301829373999998,59682.275619999986,-0.11165763722599839
2023-12-05,88.09373999998206,52212.0,52300.09373999998,518880,-0.013546267700013659,4.230009373999998,59682.275619999986,-0.12369136068139765
2023-12-06,88.09373999998206,52189.200000000004,52277.29373999999,518880,-0.000435945681346972,4.227729373999999,59682.275619999986,-0.12407338364823566
2023-12-07,88.09373999998206,52257.6,52345.69373999998,518880,0.0013084074386133793,4.234569373999998,59682.275619999986,-0.12292731474772153
2023-12-08,88.09373999998206,52337.4,52425.49373999998,518880,0.0015244807031571384,4.242549373999998,59682.275619999986,-0.12159023436378823
2023-12-11,88.09373999998206,51949.8,52037.893739999985,518880,-0.007393349539486782,4.2037893739999985,59682.275619999986,-0.12808462480003543
2023-12-12,88.09373999998206,51744.6,51832.69373999998,518880,-0.0039432802762013885,4.183269373999998,59682.275619999986,-0.13152283150157817
2023-12-13,88.09373999998206,51630.6,51718.69373999998,518880,-0.002199384052309572,4.171869373999998,59682.275619999986,-0.13343294633576855
2023-12-14,88.09373999998206,52417.2,52505.29373999998,518880,0.01520920083470001,4.250529373999998,59682.275619999986,-0.12025315397985503
2023-12-15,88.09373999998206,52326.0,52414.09373999998,518880,-0.0017369677132292871,4.241409373999998,59682.275619999986,-0.12178124584720729
2023-12-18,88.09373999998206,52166.399999999994,52254.493739999976,518880,-0.0030449825345011394,4.225449373999997,59682.275619999986,-0.1244554066150739
2023-12-19,88.09373999998206,52314.600000000006,52402.69373999999,518880,0.002836119717041008,4.240269373999999,59682.275619999986,-0.12197225733062622
2023-12-20,88.09373999998206,52485.6,52573.69373999998,518880,0.0032631910269427244,4.257369373999998,59682.275619999986,-0.1191070850793408
2023-12-21,88.09373999998206,52497.00000000001,52585.09373999999,518880,0.00021683848307074705,4.258509373999999,59682.275619999986,-0.11891607359592161
2023-12-22,88.09373999998206,52747.799999999996,52835.89373999998,518880,0.004769412435395415,4.283589373999998,59682.275619999986,-0.114713820960703
2023-12-25,88.09373999998206,52827.600000000006,52915.69373999999,518880,0.001510336900757192,4.291569373999999,59682.275619999986,-0.11337674057676958
2023-12-26,88.09373999998206,52975.8,53063.893739999985,518880,0.002800681414632411,4.306389373999998,59682.275619999986,-0.11089359129232215
2023-12-27,88.09373999998206,53124.0,53212.09373999998,518880,0.0027928595049233618,4.321209373999999,59682.275619999986,-0.10841044200787472
2023-12-28,88.09373999998206,53146.799999999996,53234.89373999998,518880,0.00042847402531087653,4.3234893739999976,59682.275619999986,-0.10802841904103672
2023-12-29,88.09373999998206,52987.2,53075.29373999998,518880,-0.002998033597652827,4.307529373999998,59682.275619999986,-0.1107025798089032
2024-01-02,88.09373999998206,53192.4,53280.49373999998,518880,0.003866205639957876,4.328049373999998,59682.275619999986,-0.10726437310736048
2024-01-03,88.09373999998206,53158.200000000004,53246.29373999999,518880,-0.000641885943604148,4.324629373999999,59682.275619999986,-0.10783740755761753
2024-01-04,88.09373999998206,53021.399999999994,53109.493739999976,518880,-0.0025691929032282124,4.310949373999998,59682.275619999986,-0.11012954535864615
2024-01-05,88.09373999998206,53169.6,53257.69373999998,518880,0.002790461545830736,4.325769373999998,59682.275619999986,-0.1076463960741986
2024-01-08,88.09373999998206,53010.00000000001,53098.09373999999,518880,-0.0029967501180044875,4.3098093739999985,59682.275619999986,-0.11032055684206496
2024-01-09,88.09373999998206,52998.6,53086.69373999998,518880,-0.0002146969730368875,4.308669373999998,59682.275619999986,-0.11051156832548414
2024-01-10,88.09373999998206,52793.4,52881.49373999998,518880,-0.003865375399059401,4.288149373999999,59682.275619999986,-0.11394977502702676
2024-01-11,88.09373999998206,52793.4,52881.49373999998,518880,0.0,4.288149373999999,59682.275619999986,-0.11394977502702676
2024-01-12,88.09373999998206,52964.4,53052.49373999998,518880,0.0032336454193360176,4.305249373999998,59682.275619999986,-0.11108460277574121
2024-01-15,88.09373999998206,53272.2,53360.29373999998,518880,0.00580180078826209,4.336029373999998,59682.275619999986,-0.1059272927234273
2024-01-16,88.09373999998206,53317.799999999996,53405.89373999998,518880,0.0008545680093552388,4.340589373999998,59682.275619999986,-0.10516324678975117
2024-01-17,88.09373999998206,52793.4,52881.49373999998,518880,-0.009819140983820418,4.288149373999999,59682.275619999986,-0.11394977502702676
2024-01-18,88.09373999998206,52622.399999999994,52710.493739999976,518880,-0.0032336454193362396,4.271049373999998,59682.275619999986,-0.11681494727831243
2024-01-19,88.09373999998206,52930.2,53018.29373999998,518880,0.005839444447594433,4.301829373999998,59682.275619999986,-0.11165763722599839
2024-01-22,88.09373999998206,52725.0,52813.09373999998,518880,-0.0038703622000038074,4.281309373999998,59682.275619999986,-0.115095843927541
2024-01-23,88.09373999998206,52804.799999999996,52892.89373999998,518880,0.0015109889299962376,4.289289373999998,59682.275619999986,-0.11375876354360782
2024-01-24,88.09373999998206,52736.4,52824.49373999998,518880,-0.0012931793888272258,4.282449373999999,59682.275619999986,-0.11490483244412195
2024-01-25,88.09373999998206,52497.00000000001,52585.09373999999,518880,-0.004531988535059317,4.258509373999999,59682.275619999986,-0.11891607359592161
2024-01-26,88.09373999998206,52725.0,52813.09373999998,518880,0.004335829486723064,4.281309373999998,59682.275619999986,-0.115095843927541
2024-01-29,88.09373999998206,52827.600000000006,52915.69373999999,518880,0.001942700052852464,4.291569373999999,59682.275619999986,-0.11337674057676958
2024-01-30,88.09373999998206,52975.8,53063.893739999985,518880,0.002800681414632411,4.306389373999998,59682.275619999986,-0.11089359129232215
2024-01-31,88.09373999998206,53044.2,53132.29373999998,518880,0.0012890120791952953,4.313229373999998,59682.275619999986,-0.10974752239180803
2024-02-01,88.09373999998206,53215.200000000004,53303.29373999999,518880,0.0032183816651467634,4.330329373999999,59682.275619999986,-0.10688235014052236
2024-02-02,88.09373999998206,53340.600000000006,53428.69373999999,518880,0.0023525750699697756,4.342869373999998,59682.275619999986,-0.10478122382291293
2024-02-05,88.09373999998206,52930.2,53018.29373999998,518880,-0.007681265838112017,4.301829373999998,59682.275619999986,-0.11165763722599839
2024-02-06,88.09373999998206,52816.2,52904.29373999998,518880,-0.0021502012222244238,4.290429373999998,59682.275619999986,-0.11356775206018875
2024-02-07,88.09373999998206,52918.8,53006.893739999985,518880,0.0019393510950971304,4.300689373999998,59682.275619999986,-0.11184864870941733
2024-02-08,88.09373999998206,53146.799999999996,53234.89373999998,518880,0.004301327316373893,4.3234893739999976,59682.275619999986,-0.10802841904103672
2024-02-19,88.09373999998206,52941.6,53029.69373999998,518880,-0.0038546146255535874,4.302969373999998,59682.275619999986,-0.11146662574257933
2024-02-20,88.09373999998206,52918.8,53006.893739999985,518880,-0.000429947797016883,4.300689373999998,59682.275619999986,-0.11184864870941733
2024-02-21,88.09373999998206,52918.8,53006.893739999985,518880,0.0,4.300689373999998,59682.275619999986,-0.11184864870941733
2024-02-22,88.09373999998206,52884.600000000006,52972.69373999999,518880,-0.000645199097456084,4.297269373999999,59682.275619999986,-0.1124216831596744
2024-02-23,88.09373999998206,52782.0,52870.09373999998,518880,-0.0019368469442687664,4.287009373999998,59682.275619999986,-0.11414078651044582
2024-02-26,88.09373999998206,53021.399999999994,53109.493739999976,518880,0.004528079734023027,4.310949373999998,59682.275619999986,-0.11012954535864615
2024-02-27,88.09373999998206,52964.4,53052.49373999998,518880,-0.0010732544407039413,4.305249373999998,59682.275619999986,-0.11108460277574121
2024-02-28,88.09373999998206,52952.99999999999,53041.093739999975,518880,-0.00021488151067650119,4.304109373999998,59682.275619999986,-0.1112756142591604
2024-02-29,88.09373999998206,52975.8,53063.893739999985,518880,0.00042985538932827083,4.306389373999998,59682.275619999986,-0.11089359129232215
2024-03-01,20.667649999981222,53136.6,53157.26764999998,512800,0.0017596505536796592,4.315726764999998,59682.275619999986,-0.10932907470795947
2024-03-04,20.667649999981222,52588.799999999996,52609.46764999998,512800,-0.010305270082857643,4.260946764999997,59682.275619999986,-0.1185076791480427
2024-03-05,20.667649999981222,53684.399999999994,53705.067649999975,512800,0.020825148950162298,4.370506764999997,59682.275619999986,-0.10015047026787635
2024-03-06,20.667649999981222,53136.6,53157.26764999998,512800,-0.01020015473344249,4.315726764999998,59682.275619999986,-0.10932907470795947
2024-03-07,20.667649999981222,53319.2,53339.86764999998,512800,0.0034350900276192142,4.333986764999998,59682.275619999986,-0.10626953989459842
2024-03-08,20.667649999981222,53227.899999999994,53248.567649999975,512800,-0.0017116652894432205,4.324856764999997,59682.275619999986,-0.107799307301279
2024-03-11,20.667649999981222,53136.6,53157.26764999998,512800,-0.0017146001109382691,4.315726764999998,59682.275619999986,-0.10932907470795947
2024-03-12,20.667649999981222,52771.399999999994,52792.067649999975,512800,-0.0068701800552385395,4.279206764999998,59682.275619999986,-0.11544814433468166
2024-03-13,20.667649999981222,52223.6,52244.26764999998,512800,-0.010376558910929368,4.224426764999998,59682.275619999986,-0.12462674877476476
2024-03-14,20.667649999981222,52132.299999999996,52152.96764999998,512800,-0.0017475601459598922,4.215296764999998,59682.275619999986,-0.12615651618144533
2024-03-15,20.667649999981222,52406.2,52426.86764999998,512800,0.00525185837627018,4.2426867649999975,59682.275619999986,-0.12156721396140373
2024-03-18,20.667649999981222,52406.2,52426.86764999998,512800,0.0,4.2426867649999975,59682.275619999986,-0.12156721396140373
2024-03-19,20.667649999981222,51949.7,51970.36764999998,512800,-0.008707367433194335,4.197036764999998,59682.275619999986,-0.12921605099480638
2024-03-20,20.667649999981222,52406.2,52426.86764999998,512800,0.008783851657050867,4.2426867649999975,59682.275619999986,-0.12156721396140373
2024-03-21,20.667649999981222,52680.1,52700.76764999998,512800,0.005224420459916557,4.270076764999998,59682.275619999986,-0.11697791174136211
2024-03-22,20.667649999981222,52497.49999999999,52518.167649999974,512800,-0.0034648451653057633,4.251816764999997,59682.275619999986,-0.12003744655472327
2024-03-25,20.667649999981222,52771.399999999994,52792.067649999975,512800,0.005215338086914434,4.279206764999998,59682.275619999986,-0.11544814433468166
2024-03-26,20.667649999981222,53501.799999999996,53522.46764999998,512800,0.013835411881239379,4.352246764999998,59682.275619999986,-0.10321000508123739
2024-03-27,20.667649999981222,53684.399999999994,53705.067649999975,512800,0.0034116513684323557,4.370506764999997,59682.275619999986,-0.10015047026787635
2024-03-28,20.667649999981222,53136.6,53157.26764999998,512800,-0.01020015473344249,4.315726764999998,59682.275619999986,-0.10932907470795947
2024-03-29,20.667649999981222,53045.299999999996,53065.96764999998,512800,-0.0017175450138096071,4.306596764999997,59682.275619999986,-0.11085884211464005
2024-04-01,23.17694999998639,53298.0,53321.17694999999,515050,0.0048092838273157135,4.332117694999998,59682.275619999986,-0.10658270992382111
2024-04-02,23.17694999998639,52282.8,52305.97694999999,515050,-0.01903933967834137,4.230597694999999,59682.275619999986,-0.12359278518408474
2024-04-03,23.17694999998639,51267.6,51290.776949999985,515050,-0.019408871780952408,4.1290776949999985,59682.275619999986,-0.1406028604443485
2024-04-08,23.17694999998639,51098.4,51121.57694999999,515050,-0.003298838700863116,4.112157694999999,59682.275619999986,-0.14343787298772573
2024-04-09,23.17694999998639,51098.4,51121.57694999999,515050,0.0,4.112157694999999,59682.275619999986,-0.14343787298772573
2024-04-10,23.17694999998639,49575.6,49598.776949999985,515050,-0.029787813499755567,3.9598776949999985,59682.275619999986,-0.1689529858781213
2024-04-11,49583.904269999985,0.0,49583.904269999985,CASH,-0.0002998598133778785,3.9583904269999985,59682.275619999986,-0.16920218348068417
2024-04-12,49583.904269999985,0.0,49583.904269999985,CASH,0.0,3.9583904269999985,59682.275619999986,-0.16920218348068417
2024-04-15,49583.904269999985,0.0,49583.904269999985,CASH,0.0,3.9583904269999985,59682.275619999986,-0.16920218348068417
2024-04-16,49583.904269999985,0.0,49583.904269999985,CASH,0.0,3.9583904269999985,59682.275619999986,-0.16920218348068417
2024-04-17,49583.904269999985,0.0,49583.904269999985,CASH,0.0,3.9583904269999985,59682.275619999986,-0.16920218348068417
2024-04-18,49583.904269999985,0.0,49583.904269999985,CASH,0.0,3.9583904269999985,59682.275619999986,-0.16920218348068417
2024-04-19,49583.904269999985,0.0,49583.904269999985,CASH,0.0,3.9583904269999985,59682.275619999986,-0.16920218348068417
2024-04-22,49583.904269999985,0.0,49583.904269999985,CASH,0.0,3.9583904269999985,59682.275619999986,-0.16920218348068417
2024-04-23,49583.904269999985,0.0,49583.904269999985,CASH,0.0,3.9583904269999985,59682.275619999986,-0.16920218348068417
2024-04-24,49583.904269999985,0.0,49583.904269999985,CASH,0.0,3.9583904269999985,59682.275619999986,-0.16920218348068417
2024-04-25,49583.904269999985,0.0,49583.904269999985,CASH,0.0,3.9583904269999985,59682.275619999986,-0.16920218348068417
2024-04-26,49583.904269999985,0.0,49583.904269999985,CASH,0.0,3.9583904269999985,59682.275619999986,-0.16920218348068417
2024-04-29,49583.904269999985,0.0,49583.904269999985,CASH,0.0,3.9583904269999985,59682.275619999986,-0.16920218348068417
2024-04-30,49583.904269999985,0.0,49583.904269999985,CASH,0.0,3.9583904269999985,59682.275619999986,-0.16920218348068417
2024-05-06,37.044669999981124,49450.799999999996,49487.84466999998,512800,-0.0019373141630181223,3.9487844669999976,59682.275619999986,-0.1708116998572316
2024-05-07,37.044669999981124,49450.799999999996,49487.84466999998,512800,0.0,3.9487844669999976,59682.275619999986,-0.1708116998572316
2024-05-08,37.044669999981124,49450.799999999996,49487.84466999998,512800,0.0,3.9487844669999976,59682.275619999986,-0.1708116998572316
2024-05-09,37.044669999981124,49532.0,49569.04466999998,512800,0.0016408069606075326,3.9569044669999984,59682.275619999986,-0.16945116192270296
2024-05-10,37.044669999981124,50100.4,50137.44466999998,512800,0.01146683386343339,4.013744466999999,59682.275619999986,-0.1599273963810029
2024-05-13,37.044669999981124,50425.2,50462.24466999998,512800,0.006478192140381367,4.046224466999997,59682.275619999986,-0.15448524464288865
2024-05-14,37.044669999981124,50181.6,50218.64466999998,512800,-0.004827371465400132,4.021864466999998,59682.275619999986,-0.15856685844647436
2024-05-15,37.044669999981124,50019.2,50056.24466999998,512800,-0.003233858680718571,4.005624466999998,59682.275619999986,-0.16128793431553154
2024-05-16,37.044669999981124,50912.4,50949.44466999998,512800,0.017843927483743638,4.094944466999999,59682.275619999986,-0.14632201703571712
2024-05-17,37.044669999981124,51562.0,51599.04466999998,512800,0.012749893629017128,4.159904466999998,59682.275619999986,-0.13543771355948855
2024-05-20,37.044669999981124,51318.4,51355.44466999998,512800,-0.004721017638174008,4.135544466999998,59682.275619999986,-0.13951932736307426
2024-05-21,37.044669999981124,51643.200000000004,51680.244669999985,512800,0.006324548489203163,4.168024466999999,59682.275619999986,-0.13407717562495988
2024-05-22,37.044669999981124,51886.8,51923.844669999984,512800,0.004713599975299854,4.192384466999998,59682.275619999986,-0.1299955618213742
2024-05-23,37.044669999981124,51562.0,51599.04466999998,512800,-0.006255314914838439,4.159904466999998,59682.275619999986,-0.13543771355948855
2024-05-24,37.044669999981124,51074.8,51111.844669999984,512800,-0.009442035276348015,4.111184466999998,59682.275619999986,-0.14360094116665995
2024-05-27,37.044669999981124,51805.6,51842.64466999998,512800,0.014298055660451281,4.1842644669999975,59682.275619999986,-0.13135609975590284
2024-05-28,37.044669999981124,51562.0,51599.04466999998,512800,-0.004698834358289661,4.159904466999998,59682.275619999986,-0.13543771355948855
2024-05-29,37.044669999981124,51074.8,51111.844669999984,512800,-0.009442035276348015,4.111184466999998,59682.275619999986,-0.14360094116665995
2024-05-30,37.044669999981124,50750.0,50787.04466999998,512800,-0.006354691404645063,4.078704466999998,59682.275619999986,-0.1490430929047743
2024-05-31,37.044669999981124,50912.4,50949.44466999998,512800,0.0031976658822192583,4.094944466999999,59682.275619999986,-0.14632201703571712
2024-06-03,50284.76582999998,0.0,50284.76582999998,CASH,-0.013045850534880832,4.028476582999998,59682.275619999986,-0.1574589724063877
2024-06-04,50284.76582999998,0.0,50284.76582999998,CASH,0.0,4.028476582999998,59682.275619999986,-0.1574589724063877
2024-06-05,50284.76582999998,0.0,50284.76582999998,CASH,0.0,4.028476582999998,59682.275619999986,-0.1574589724063877
2024-06-06,50284.76582999998,0.0,50284.76582999998,CASH,0.0,4.028476582999998,59682.275619999986,-0.1574589724063877
2024-06-07,50284.76582999998,0.0,50284.76582999998,CASH,0.0,4.028476582999998,59682.275619999986,-0.1574589724063877
2024-06-11,50284.76582999998,0.0,50284.76582999998,CASH,0.0,4.028476582999998,59682.275619999986,-0.1574589724063877
2024-06-12,50284.76582999998,0.0,50284.76582999998,CASH,0.0,4.028476582999998,59682.275619999986,-0.1574589724063877
2024-06-13,50284.76582999998,0.0,50284.76582999998,CASH,0.0,4.028476582999998,59682.275619999986,-0.1574589724063877
2024-06-14,50284.76582999998,0.0,50284.76582999998,CASH,0.0,4.028476582999998,59682.275619999986,-0.1574589724063877
2024-06-17,50284.76582999998,0.0,50284.76582999998,CASH,0.0,4.028476582999998,59682.275619999986,-0.1574589724063877
2024-06-18,50284.76582999998,0.0,50284.76582999998,CASH,0.0,4.028476582999998,59682.275619999986,-0.1574589724063877
2024-06-19,50284.76582999998,0.0,50284.76582999998,CASH,0.0,4.028476582999998,59682.275619999986,-0.1574589724063877
2024-06-20,50284.76582999998,0.0,50284.76582999998,CASH,0.0,4.028476582999998,59682.275619999986,-0.1574589724063877
2024-06-21,50284.76582999998,0.0,50284.76582999998,CASH,0.0,4.028476582999998,59682.275619999986,-0.1574589724063877
2024-06-24,50284.76582999998,0.0,50284.76582999998,CASH,0.0,4.028476582999998,59682.275619999986,-0.1574589724063877
2024-06-25,50284.76582999998,0.0,50284.76582999998,CASH,0.0,4.028476582999998,59682.275619999986,-0.1574589724063877
2024-06-26,50284.76582999998,0.0,50284.76582999998,CASH,0.0,4.028476582999998,59682.275619999986,-0.1574589724063877
2024-06-27,50284.76582999998,0.0,50284.76582999998,CASH,0.0,4.028476582999998,59682.275619999986,-0.1574589724063877
2024-06-28,50284.76582999998,0.0,50284.76582999998,CASH,0.0,4.028476582999998,59682.275619999986,-0.1574589724063877
2024-07-01,50284.76582999998,0.0,50284.76582999998,CASH,0.0,4.028476582999998,59682.275619999986,-0.1574589724063877
2024-07-02,50284.76582999998,0.0,50284.76582999998,CASH,0.0,4.028476582999998,59682.275619999986,-0.1574589724063877
2024-07-03,50284.76582999998,0.0,50284.76582999998,CASH,0.0,4.028476582999998,59682.275619999986,-0.1574589724063877
2024-07-04,50284.76582999998,0.0,50284.76582999998,CASH,0.0,4.028476582999998,59682.275619999986,-0.1574589724063877
2024-07-05,50284.76582999998,0.0,50284.76582999998,CASH,0.0,4.028476582999998,59682.275619999986,-0.1574589724063877
2024-07-08,50284.76582999998,0.0,50284.76582999998,CASH,0.0,4.028476582999998,59682.275619999986,-0.1574589724063877
2024-07-09,50284.76582999998,0.0,50284.76582999998,CASH,0.0,4.028476582999998,59682.275619999986,-0.1574589724063877
2024-07-10,50284.76582999998,0.0,50284.76582999998,CASH,0.0,4.028476582999998,59682.275619999986,-0.1574589724063877
2024-07-11,50284.76582999998,0.0,50284.76582999998,CASH,0.0,4.028476582999998,59682.275619999986,-0.1574589724063877
2024-07-12,50284.76582999998,0.0,50284.76582999998,CASH,0.0,4.028476582999998,59682.275619999986,-0.1574589724063877
2024-07-15,50284.76582999998,0.0,50284.76582999998,CASH,0.0,4.028476582999998,59682.275619999986,-0.1574589724063877
2024-07-16,50284.76582999998,0.0,50284.76582999998,CASH,0.0,4.028476582999998,59682.275619999986,-0.1574589724063877
2024-07-17,50284.76582999998,0.0,50284.76582999998,CASH,0.0,4.028476582999998,59682.275619999986,-0.1574589724063877
2024-07-18,50284.76582999998,0.0,50284.76582999998,CASH,0.0,4.028476582999998,59682.275619999986,-0.1574589724063877
2024-07-19,50284.76582999998,0.0,50284.76582999998,CASH,0.0,4.028476582999998,59682.275619999986,-0.1574589724063877
2024-07-22,50284.76582999998,0.0,50284.76582999998,CASH,0.0,4.028476582999998,59682.275619999986,-0.1574589724063877
2024-07-23,50284.76582999998,0.0,50284.76582999998,CASH,0.0,4.028476582999998,59682.275619999986,-0.1574589724063877
2024-07-24,50284.76582999998,0.0,50284.76582999998,CASH,0.0,4.028476582999998,59682.275619999986,-0.1574589724063877
2024-07-25,50284.76582999998,0.0,50284.76582999998,CASH,0.0,4.028476582999998,59682.275619999986,-0.1574589724063877
2024-07-26,50284.76582999998,0.0,50284.76582999998,CASH,0.0,4.028476582999998,59682.275619999986,-0.1574589724063877
2024-07-29,50284.76582999998,0.0,50284.76582999998,CASH,0.0,4.028476582999998,59682.275619999986,-0.1574589724063877
2024-07-30,50284.76582999998,0.0,50284.76582999998,CASH,0.0,4.028476582999998,59682.275619999986,-0.1574589724063877
2024-07-31,50284.76582999998,0.0,50284.76582999998,CASH,0.0,4.028476582999998,59682.275619999986,-0.1574589724063877
2024-08-01,392.7026999999798,49868.00000000001,50260.70269999999,518880,-0.00047853717925916417,4.026070269999999,59682.275619999986,-0.15786215961314246
2024-08-02,392.7026999999798,50095.5,50488.20269999998,518880,0.004526399110611479,4.048820269999998,59682.275619999986,-0.15405030764140304
2024-08-05,392.7026999999798,48830.6,49223.30269999998,518880,-0.025053377469505422,3.922330269999998,59682.275619999986,-0.17524420460427495
2024-08-06,392.7026999999798,48475.7,48868.40269999998,518880,-0.007209999746725648,3.8868402699999978,59682.275619999986,-0.18119069368018867
2024-08-07,392.7026999999798,48703.200000000004,49095.902699999984,518880,0.00465535985279919,3.909590269999998,59682.275619999986,-0.17737884170844898
2024-08-08,392.7026999999798,48675.9,49068.60269999998,518880,-0.0005560545483157542,3.9068602699999984,59682.275619999986,-0.17783626394505778
2024-08-09,392.7026999999798,49103.6,49496.30269999998,518880,0.008716368033035549,3.9496302699999974,59682.275619999986,-0.1706699822381875
2024-08-12,392.7026999999798,49476.700000000004,49869.402699999984,518880,0.007537936767951781,3.986940269999998,59682.275619999986,-0.16441854500453454
2024-08-13,392.7026999999798,49813.4,50206.10269999998,518880,0.006751634905785675,4.020610269999998,59682.275619999986,-0.15877700408636006
2024-08-14,392.7026999999798,49649.600000000006,50042.302699999986,518880,-0.003262551586183826,4.004230269999999,59682.275619999986,-0.16152153750601245
2024-08-15,392.7026999999798,49531.299999999996,49924.002699999975,518880,-0.0023639999284047475,3.9924002699999974,59682.275619999986,-0.1635037005313172
2024-08-16,392.7026999999798,49622.3,50015.00269999998,518880,0.0018227705127498162,4.001500269999998,59682.275619999986,-0.16197895974262125
2024-08-19,392.7026999999798,50168.299999999996,50561.002699999975,518880,0.0109167243931787,4.056100269999997,59682.275619999986,-0.15283051501044645
2024-08-20,392.7026999999798,50168.299999999996,50561.002699999975,518880,0.0,4.056100269999997,59682.275619999986,-0.15283051501044645
2024-08-21,392.7026999999798,50386.7,50779.40269999998,518880,0.004319534588660412,4.077940269999997,59682.275619999986,-0.14917113711757646
2024-08-22,392.7026999999798,50259.299999999996,50652.002699999975,518880,-0.0025088912674430253,4.065200269999997,59682.275619999986,-0.15130577422175065
2024-08-23,392.7026999999798,50086.399999999994,50479.102699999974,518880,-0.0034134879330249834,4.047910269999997,59682.275619999986,-0.1542027817202727
2024-08-26,392.7026999999798,50395.8,50788.50269999998,518880,0.006129269013333882,4.0788502699999984,59682.275619999986,-0.14901866303870678
2024-08-27,392.7026999999798,50359.4,50752.10269999998,518880,-0.0007166976395230895,4.075210269999998,59682.275619999986,-0.14962855935418515
2024-08-28,392.7026999999798,50304.799999999996,50697.502699999975,518880,-0.0010758174951439603,4.0697502699999974,59682.275619999986,-0.15054340382740272
2024-08-29,392.7026999999798,50368.5,50761.20269999998,518880,0.0012564721457177797,4.076120269999998,59682.275619999986,-0.14947608527531558
2024-08-30,392.7026999999798,50250.200000000004,50642.902699999984,518880,-0.0023305200371068757,4.064290269999998,59682.275619999986,-0.15145824830062007
2024-09-02,392.7026999999798,49968.1,50360.80269999998,518880,-0.005570375807072536,4.036080269999998,59682.275619999986,-0.1561849447455772
2024-09-03,392.7026999999798,50059.100000000006,50451.802699999986,518880,0.0018069608727664388,4.045180269999999,59682.275619999986,-0.15466020395688126
2024-09-04,392.7026999999798,49713.3,50106.00269999998,518880,-0.006854066286911986,4.0106002699999985,59682.275619999986,-0.16045421895392542
2024-09-05,392.7026999999798,50068.2,50460.90269999998,518880,0.007082983692091593,4.046090269999998,59682.275619999986,-0.15450772987801184
2024-09-06,392.7026999999798,50204.700000000004,50597.402699999984,518880,0.0027050645687320962,4.059740269999998,59682.275619999986,-0.15222061869496797
2024-09-09,392.7026999999798,49840.700000000004,50233.402699999984,518880,-0.0071940451599504796,4.0233402699999985,59682.275619999986,-0.15831958184975126
2024-09-10,392.7026999999798,50168.299999999996,50561.002699999975,518880,0.006521557019667945,4.056100269999997,59682.275619999986,-0.15283051501044645
2024-09-11,392.7026999999798,50432.2,50824.90269999998,518880,0.005219437627964618,4.082490269999997,59682.275619999986,-0.14840876672322856
2024-09-12,392.7026999999798,50332.1,50724.80269999998,518880,-0.0019695069676936017,4.072480269999998,59682.275619999986,-0.15008598159079392
2024-09-13,392.7026999999798,51060.1,51452.80269999998,518880,0.014351953309815535,4.145280269999998,59682.275619999986,-0.13788805528122738
2024-09-18,392.7026999999798,51041.9,51434.60269999998,518880,-0.0003537222278465757,4.1434602699999985,59682.275619999986,-0.1381930034389665
2024-09-19,392.7026999999798,50960.0,51352.70269999998,518880,-0.0015923132619045655,4.135270269999998,59682.275619999986,-0.13956527014879275
2024-09-20,392.7026999999798,51533.3,51926.00269999998,518880,0.011163969369814675,4.192600269999998,59682.275619999986,-0.12995940318000906
2024-09-23,392.7026999999798,51970.100000000006,52362.802699999986,518880,0.008411970444241579,4.236280269999998,59682.275619999986,-0.12264064739426908
2024-09-24,392.7026999999798,51842.7,52235.40269999998,518880,-0.0024330248464720095,4.223540269999997,59682.275619999986,-0.12477528449844337
2024-09-25,392.7026999999798,52234.0,52626.70269999998,518880,0.007491088031757576,4.262670269999998,59682.275619999986,-0.1182188991070513
2024-09-26,392.7026999999798,52334.100000000006,52726.802699999986,518880,0.0019020762248895817,4.272680269999999,59682.275619999986,-0.1165416842394858
2024-09-27,392.7026999999798,51942.8,52335.50269999998,518880,-0.007421273052082955,4.2335502699999985,59682.275619999986,-0.12309806963087787
2024-09-30,392.7026999999798,51933.7,52326.40269999998,518880,-0.00017387814257119327,4.232640269999997,59682.275619999986,-0.12325054370974756
2024-10-08,35.91206999998394,52226.9,52262.812069999985,512000,-0.001215268520646684,4.226281206999999,59682.275619999986,-0.12431602972447119
2024-10-09,35.91206999998394,49272.299999999996,49308.21206999998,512000,-0.05653350600504736,3.9308212069999984,59682.275619999986,-0.1738215147165665
2024-10-10,35.91206999998394,46404.600000000006,46440.51206999999,512000,-0.05815866930905711,3.6440512069999986,59682.275619999986,-0.22187095603242346
2024-10-11,35.91206999998394,46491.5,46527.412069999984,512000,0.0018712110639307333,3.6527412069999983,59682.275619999986,-0.22041491235618546
2024-10-14,35.91206999998394,46752.200000000004,46788.11206999999,512000,0.005603148518292578,3.678811206999999,59682.275619999986,-0.21604678132747113
2024-10-15,35.91206999998394,45101.1,45137.01206999998,512000,-0.03528887845548856,3.5137012069999987,59682.275619999986,-0.24371161117599502
2024-10-16,35.91206999998394,45361.8,45397.71206999999,512000,0.005775747840723211,3.5397712069999985,59682.275619999986,-0.23934348014728066
2024-10-17,35.91206999998394,45101.1,45137.01206999998,512000,-0.0057425801458457215,3.5137012069999987,59682.275619999986,-0.24371161117599502
2024-10-18,35.91206999998394,48403.3,48439.21206999999,512000,0.0731594726491609,3.8439212069999984,59682.275619999986,-0.18838195147894735
2024-10-21,35.91206999998394,47273.600000000006,47309.51206999999,512000,-0.02332201437066017,3.7309512069999986,59682.275619999986,-0.20731051927004251
2024-10-22,35.91206999998394,47621.200000000004,47657.11206999999,512000,0.007347359649063412,3.765711206999999,59682.275619999986,-0.20148634456509015
2024-10-23,35.91206999998394,47360.5,47396.412069999984,512000,-0.005470327274910813,3.7396412069999982,59682.275619999986,-0.20585447559380451
2024-10-24,35.91206999998394,47273.600000000006,47309.51206999999,512000,-0.0018334721175022883,3.7309512069999986,59682.275619999986,-0.20731051927004251
2024-10-25,35.91206999998394,47708.100000000006,47744.01206999999,512000,0.00918419956132932,3.7744012069999986,59682.275619999986,-0.20003030088885204
2024-10-28,35.91206999998394,47708.100000000006,47744.01206999999,512000,0.0,3.7744012069999986,59682.275619999986,-0.20003030088885204
2024-10-29,35.91206999998394,47186.700000000004,47222.61206999999,512000,-0.010920741206992601,3.722261206999999,59682.275619999986,-0.20876656294628065
2024-10-30,35.91206999998394,47099.8,47135.71206999999,512000,-0.0018402201019965814,3.7135712069999984,59682.275619999986,-0.21022260662251877
2024-10-31,35.91206999998394,48403.3,48439.21206999999,512000,0.027654191328736255,3.8439212069999984,59682.275619999986,-0.18838195147894735
2024-11-01,29.241669999995793,47672.0,47701.241669999996,512480,-0.015234979440490126,3.7701241669999996,59682.275619999986,-0.2007469357616963
2024-11-04,29.241669999995793,48480.0,48509.241669999996,512480,0.016938762424462572,3.8509241669999996,59682.275619999986,-0.18720857798954002
2024-11-05,29.241669999995793,50904.0,50933.241669999996,512480,0.049969859691686214,4.093324167,59682.275619999986,-0.14659350467307117
2024-11-06,29.241669999995793,51409.0,51438.241669999996,512480,0.009914939309614956,4.143824167,59682.275619999986,-0.1381320310654735
2024-11-07,29.241669999995793,53025.0,53054.241669999996,512480,0.03141631493485697,4.305424167,59682.275619999986,-0.11105531552116095
2024-11-08,29.241669999995793,53328.0,53357.241669999996,512480,0.0057111361968884555,4.3357241669999995,59682.275619999986,-0.10597843135660234
2024-11-11,29.241669999995793,56661.00000000001,56690.24167,512480,0.062465747772602276,4.669024167,59682.275619999986,-0.05013270554645757
2024-11-12,29.241669999995793,55247.00000000001,55276.24167,512480,-0.024942564334635375,4.527624167,59682.275619999986,-0.07382483164773106
2024-11-13,29.241669999995793,55348.00000000001,55377.24167,512480,0.0018271864538650373,4.537724167,59682.275619999986,-0.07213253692621152
2024-11-14,29.241669999995793,53126.0,53155.241669999996,512480,-0.04012478651864215,4.3155241669999995,59682.275619999986,-0.10936302079964141
2024-11-15,29.241669999995793,50904.0,50933.241669999996,512480,-0.04180208630777538,4.093324167,59682.275619999986,-0.14659350467307117
2024-11-18,29.241669999995793,49692.0,49721.241669999996,512480,-0.02379585434307585,3.9721241669999996,59682.275619999986,-0.1669010413313056
2024-11-19,29.241669999995793,51409.0,51438.241669999996,512480,0.03453252457763889,4.143824167,59682.275619999986,-0.1381320310654735
2024-11-20,29.241669999995793,51409.0,51438.241669999996,512480,0.0,4.143824167,59682.275619999986,-0.1381320310654735
2024-11-21,29.241669999995793,51611.0,51640.241669999996,512480,0.003927039366857121,4.164024167,59682.275619999986,-0.13474744162243443
2024-11-22,29.241669999995793,49490.0,49519.241669999996,512480,-0.04107261955809516,3.9519241669999996,59682.275619999986,-0.17028563077434467
2024-11-25,29.241669999995793,48884.0,48913.241669999996,512480,-0.012237667209009984,3.8913241669999996,59682.275619999986,-0.18043939910346188
2024-11-26,29.241669999995793,48480.0,48509.241669999996,512480,-0.008259522088632787,3.8509241669999996,59682.275619999986,-0.18720857798954002
2024-11-27,29.241669999995793,49995.0,50024.241669999996,512480,0.031231162307303828,4.002424166999999,59682.275619999986,-0.161824157166747
2024-11-28,29.241669999995793,49894.0,49923.241669999996,512480,-0.0020190211111300593,3.9923241669999996,59682.275619999986,-0.16351645188826652
2024-11-29,29.241669999995793,50803.0,50832.241669999996,512480,0.018207952240133496,4.083224167,59682.275619999986,-0.14828579939459072
2024-12-02,9.481339999998454,51086.4,51095.88134,518880,0.00518646554506752,4.109588134,59682.275619999986,-0.14386841303890596
2024-12-03,9.481339999998454,51599.7,51609.181339999996,518880,0.010045819477785711,4.160918133999999,59682.275619999986,-0.1352678696670647
2024-12-04,9.481339999998454,51582.3,51591.78134,518880,-0.0003371493123551783,4.159178134,59682.275619999986,-0.13555941351017786
2024-12-05,9.481339999998454,51564.899999999994,51574.38133999999,518880,-0.0003372630203508642,4.1574381339999995,59682.275619999986,-0.13585095735329128
2024-12-06,9.481339999998454,51356.1,51365.58134,518880,-0.004048521660851345,4.1365581339999995,59682.275619999986,-0.1393494834706504
2024-12-09,9.481339999998454,51643.2,51652.681339999996,518880,0.005589345871501505,4.165268134,59682.275619999986,-0.1345390100592815
2024-12-10,9.481339999998454,51860.700000000004,51870.18134,518880,0.004210817219116425,4.187018134000001,59682.275619999986,-0.13089471202036557
2024-12-11,9.481339999998454,52295.700000000004,52305.18134,518880,0.008386321172633826,4.230518134,59682.275619999986,-0.1236061159425339
2024-12-12,9.481339999998454,52652.399999999994,52661.88133999999,518880,0.006819592072175862,4.266188133999999,59682.275619999986,-0.11762946715871211
2024-12-13,9.481339999998454,52208.700000000004,52218.18134,518880,-0.008425449085940118,4.221818134,59682.275619999986,-0.12506383515810024
2024-12-16,9.481339999998454,51738.9,51748.38134,518880,-0.008996866377652402,4.174838134,59682.275619999986,-0.1329355189221585
2024-12-17,9.481339999998454,51678.0,51687.48134,518880,-0.0011768484042017358,4.168748133999999,59682.275619999986,-0.13395592237305493
2024-12-18,9.481339999998454,51608.4,51617.88134,518880,-0.0013465542950752418,4.161788134,59682.275619999986,-0.13512209774550799
2024-12-19,9.481339999998454,51199.5,51208.98134,518880,-0.007921673446971478,4.120898134,59682.275619999986,-0.14197337805866977
2024-12-20,9.481339999998454,51260.4,51269.88134,518880,0.0011892445115371242,4.126988134,59682.275619999986,-0.1409529746077733
2024-12-23,9.481339999998454,51773.7,51783.181339999996,518880,0.010011725921423631,4.1783181339999995,59682.275619999986,-0.13235243123593202
2024-12-24,9.481339999998454,51512.700000000004,51522.18134,518880,-0.0050402465288161835,4.152218134,59682.275619999986,-0.1367255888826309
2024-12-25,9.481339999998454,51643.2,51652.681339999996,518880,0.002532889652687942,4.165268134,59682.275619999986,-0.1345390100592815
2024-12-26,9.481339999998454,51678.0,51687.48134,518880,0.0006737307550586102,4.168748133999999,59682.275619999986,-0.13395592237305493
2024-12-27,9.481339999998454,51721.5,51730.98134,518880,0.0008415964344219429,4.173098134,59682.275619999986,-0.13322706276527177
2024-12-30,9.481339999998454,51530.1,51539.58134,518880,-0.00369991047998941,4.153958134,59682.275619999986,-0.13643404503951773
2024-12-31,9.481339999998454,51573.6,51583.08134,518880,0.0008440115124923597,4.158308133999999,59682.275619999986,-0.13570518543173457
2025-01-02,9.481339999998454,51999.9,52009.38134,518880,0.008264337626326057,4.200938134,59682.275619999986,-0.12856236127545947
2025-01-03,9.481339999998454,52452.299999999996,52461.781339999994,518880,0.008698430712769545,4.246178133999999,59682.275619999986,-0.12098222135451465
2025-01-06,9.481339999998454,52113.0,52122.48134,518880,-0.00646756536536619,4.212248134,59682.275619999986,-0.1266673262952233
2025-01-07,9.481339999998454,52200.0,52209.48134,518880,0.0016691454006667605,4.2209481339999995,59682.275619999986,-0.12520960707965695
2025-01-08,9.481339999998454,52461.0,52470.48134,518880,0.004999091990596671,4.247048134,59682.275619999986,-0.12083644943295795
2025-01-09,9.481339999998454,52765.5,52774.98134,518880,0.005803262943728127,4.277498134,59682.275619999986,-0.11573443217847579
2025-01-10,9.481339999998454,53113.50000000001,53122.981340000006,518880,0.006594033596298843,4.312298134000001,59682.275619999986,-0.10990355531621034
2025-01-13,9.481339999998454,53244.0,53253.48134,518880,0.00245656393350302,4.3253481339999995,59682.275619999986,-0.10771697649286097
2025-01-14,9.481339999998454,52791.6,52801.08134,518880,-0.008495219253585096,4.280108134,59682.275619999986,-0.11529711641380591
2025-01-15,9.481339999998454,53087.4,53096.88134,518880,0.0056021579955014555,4.309688134,59682.275619999986,-0.11034087108088034
2025-01-16,9.481339999998454,53261.4,53270.88134,518880,0.0032770286240695334,4.327088134,59682.275619999986,-0.10742543264974767
2025-01-17,9.481339999998454,53409.3,53418.78134,518880,0.002776376066617514,4.341878134,59682.275619999986,-0.10494730998328489
2025-01-20,9.481339999998454,53304.9,53314.38134,518880,-0.0019543688077703347,4.331438134,59682.275619999986,-0.1066965730419645
2025-01-21,9.481339999998454,53304.9,53314.38134,518880,0.0,4.331438134,59682.275619999986,-0.1066965730419645
2025-01-22,9.481339999998454,53774.7,53784.181339999996,518880,0.008811881300918811,4.3784181339999995,59682.275619999986,-0.09882488927790639
2025-01-23,9.481339999998454,53826.9,53836.38134,518880,0.0009705455897899284,4.383638134,59682.275619999986,-0.09795025774856651
2025-01-24,9.481339999998454,54096.6,54106.08134,518880,0.005009623479273806,4.410608133999999,59682.275619999986,-0.09343132818031093
2025-01-27,9.481339999998454,53957.4,53966.88134,518880,-0.0025727237410758663,4.396688134,59682.275619999986,-0.09576367892521702
2025-02-05,9.481339999998454,56019.3,56028.78134,518880,0.0382067658683054,4.602878134,59682.275619999986,-0.061215733516294925
2025-02-06,9.481339999998454,55697.4,55706.88134,518880,-0.0057452614942061775,4.570688134,59682.275619999986,-0.06660929461389037
2025-02-07,9.481339999998454,55854.0,55863.48134,518880,0.00281114282891215,4.586348134,59682.275619999986,-0.063985400025871
2025-02-10,9.481339999998454,56706.6,56716.08134,518880,0.015262206714451665,4.6716081339999995,59682.275619999986,-0.04969975171332097
2025-02-11,9.481339999998454,57280.799999999996,57290.281339999994,518880,0.010124112710781175,4.729028133999999,59682.275619999986,-0.04007880489058323
2025-02-12,9.481339999998454,56880.600000000006,56890.081340000004,518880,-0.006985478001494294,4.689008134000001,59682.275619999986,-0.046784313282188184
2025-02-13,9.481339999998454,57159.0,57168.48134,518880,0.0048936474239886785,4.716848134,59682.275619999986,-0.04211961179237602
2025-02-14,9.481339999998454,57463.50000000001,57472.981340000006,518880,0.005326361534584878,4.747298134,59682.275619999986,-0.03701759453789374
2025-02-17,9.481339999998454,56497.799999999996,56507.281339999994,518880,-0.016802678014684824,4.6507281339999995,59682.275619999986,-0.05319827783068022
2025-02-18,9.481339999998454,57028.5,57037.98134,518880,0.009391710013561205,4.7037981339999995,59682.275619999986,-0.04430619061572552
2025-02-19,9.481339999998454,57402.6,57412.08134,518880,0.006558787516865561,4.741208134,59682.275619999986,-0.03803799798879032
2025-02-20,9.481339999998454,57585.299999999996,57594.781339999994,518880,0.003182257039559877,4.759478133999999,59682.275619999986,-0.03497678763610107
2025-02-21,9.481339999998454,57141.6,57151.08134,518880,-0.0077038229797365965,4.715108133999999,59682.275619999986,-0.04241115563548931
2025-02-24,9.481339999998454,57254.700000000004,57264.18134,518880,0.001978965180504,4.726418134,59682.275619999986,-0.040516120655252987
2025-02-25,9.481339999998454,57263.4,57272.88134,518880,0.00015192743171055234,4.727288134,59682.275619999986,-0.040370348733696396
2025-02-26,9.481339999998454,56715.3,56724.78134,518880,-0.009569974256161573,4.672478134,59682.275619999986,-0.04955397979176426
2025-02-27,9.481339999998454,56480.4,56489.88134,518880,-0.004141047253969021,4.648988134,59682.275619999986,-0.05348982167379339
2025-02-28,9.481339999998454,56062.8,56072.28134,518880,-0.0073924743705259255,4.6072281340000005,59682.275619999986,-0.060486873908511755
2025-03-03,30.42871999998897,55958.100000000006,55988.528719999995,512480,-0.0014936545829509207,4.598852871999999,59682.275619999986,-0.06189018199504089
2025-03-04,30.42871999998897,57492.600000000006,57523.028719999995,512480,0.027407399963554457,4.752302872,59682.275619999986,-0.03617903100324162
2025-03-05,30.42871999998897,57697.2,57727.628719999986,512480,0.00355683635845927,4.772762871999999,59682.275619999986,-0.03275087753766853
2025-03-06,30.42871999998897,59231.7,59262.128719999986,512480,0.026581725839508907,4.926212871999999,59682.275619999986,-0.007039726545869262
2025-03-07,30.42871999998897,58413.299999999996,58443.728719999985,512480,-0.013809831298277397,4.844372871999998,59682.275619999986,-0.02075234040816223
2025-03-10,30.42871999998897,58413.299999999996,58443.728719999985,512480,0.0,4.844372871999998,59682.275619999986,-0.02075234040816223
2025-03-11,30.42871999998897,57901.799999999996,57932.228719999985,512480,-0.008752008319841464,4.7932228719999985,59682.275619999986,-0.02932272407209532
2025-03-12,30.42871999998897,57697.2,57727.628719999986,512480,-0.0035317129086968047,4.772762871999999,59682.275619999986,-0.03275087753766853
2025-03-13,30.42871999998897,56060.4,56090.82871999999,512480,-0.0283538408954761,4.609082871999999,59682.275619999986,-0.060176105262254344
2025-03-14,30.42871999998897,57185.700000000004,57216.12871999999,512480,0.020062103300655387,4.721612872,59682.275619999986,-0.0413212612016015
2025-03-17,30.42871999998897,56878.8,56909.22871999999,512480,-0.005363872160975558,4.690922871999999,59682.275619999986,-0.04646349139996138
2025-03-18,30.42871999998897,57288.00000000001,57318.428719999996,512480,0.007190397923214187,4.731842872,59682.275619999986,-0.03960718446881483
2025-03-19,30.42871999998897,56571.9,56602.32871999999,512480,-0.012493364106300753,4.660232871999999,59682.275619999986,-0.051605721598321254
2025-03-20,30.42871999998897,55958.100000000006,55988.528719999995,512480,-0.010844076805326064,4.598852871999999,59682.275619999986,-0.06189018199504089
2025-03-21,30.42871999998897,54423.600000000006,54454.028719999995,512480,-0.02740739996355457,4.445402872,59682.275619999986,-0.08760133298684016
2025-03-24,54744.50956999999,0.0,54744.50956999999,CASH,0.005334423491301754,4.474450956999998,59682.275619999986,-0.08273421210409268
2025-03-25,54744.50956999999,0.0,54744.50956999999,CASH,0.0,4.474450956999998,59682.275619999986,-0.08273421210409268
2025-03-26,54744.50956999999,0.0,54744.50956999999,CASH,0.0,4.474450956999998,59682.275619999986,-0.08273421210409268
2025-03-27,54744.50956999999,0.0,54744.50956999999,CASH,0.0,4.474450956999998,59682.275619999986,-0.08273421210409268
2025-03-28,54744.50956999999,0.0,54744.50956999999,CASH,0.0,4.474450956999998,59682.275619999986,-0.08273421210409268
2025-03-31,54744.50956999999,0.0,54744.50956999999,CASH,0.0,4.474450956999998,59682.275619999986,-0.08273421210409268
2025-04-01,389.30789999998524,54331.2,54720.50789999998,518880,-0.00043843063329140897,4.472050789999998,59682.275619999986,-0.08313636952437647
2025-04-02,389.30789999998524,54123.3,54512.60789999999,518880,-0.0037993068408634922,4.451260789999999,59682.275619999986,-0.08661981578778143
2025-04-03,389.30789999998524,54623.8,55013.10789999999,518880,0.009181362244091051,4.501310789999999,59682.275619999986,-0.07823374144995443
2025-04-07,389.30789999998524,52952.9,53342.20789999999,518880,-0.03037276139783407,4.334220789999999,59682.275619999986,-0.10623032808546921
2025-04-08,389.30789999998524,53322.5,53711.807899999985,518880,0.006928847052841913,4.371180789999999,59682.275619999986,-0.10003753472830468
2025-04-09,389.30789999998524,53992.399999999994,54381.70789999998,518880,0.012472117886018763,4.438170789999998,59682.275619999986,-0.08881309676844402
2025-04-10,389.30789999998524,55162.799999999996,55552.10789999998,518880,0.02152194267513985,4.5552107899999985,59682.275619999986,-0.06920258447075624
2025-04-11,389.30789999998524,56002.1,56391.407899999984,518880,0.015108337590192589,4.639140789999998,59682.275619999986,-0.055139782888861684
2025-04-14,389.30789999998524,56417.9,56807.20789999999,518880,0.007373463715205419,4.680720789999999,59682.275619999986,-0.04817289036205151
2025-04-15,389.30789999998524,56402.5,56791.807899999985,518880,-0.00027109235903854945,4.679180789999998,59682.275619999986,-0.04843092341860006
2025-04-16,389.30789999998524,57773.1,58162.407899999984,518880,0.02413376243301446,4.816240789999998,59682.275619999986,-0.025465981385781523
2025-04-17,389.30789999998524,58250.5,58639.807899999985,518880,0.008208050822462676,4.8639807899999985,59682.275619999986,-0.01746695663277728
2025-04-18,389.30789999998524,58389.1,58778.407899999984,518880,0.002363582094885963,4.877840789999999,59682.275619999986,-0.015144659123840597
2025-04-21,389.30789999998524,59474.8,59864.10789999999,518880,0.018471068523106426,4.986410789999999,59864.10789999999,0.0
2025-04-22,389.30789999998524,61461.4,61850.70789999999,518880,0.03318516001806149,5.185070789999998,61850.70789999999,0.0
2025-04-23,389.30789999998524,57750.0,58139.307899999985,518880,-0.060005780467389025,4.813930789999999,61850.70789999999,-0.060005780467389
2025-04-24,389.30789999998524,58381.4,58770.70789999999,518880,0.010860122399221073,4.8770707899999985,61850.70789999999,-0.04979732818870454
2025-04-25,389.30789999998524,57981.0,58370.307899999985,518880,-0.006812917766471194,4.837030789999998,61850.70789999999,-0.056270980853236154
2025-04-28,389.30789999998524,57480.5,57869.807899999985,518880,-0.008574565014415447,4.7869807899999985,61850.70789999999,-0.06436304668390064
2025-04-29,389.30789999998524,57880.9,58270.20789999999,518880,0.006918979248935919,4.827020789999999,61850.70789999999,-0.05788939401936903
2025-04-30,389.30789999998524,57526.7,57916.00789999998,518880,-0.0060785779348490054,4.791600789999999,61850.70789999999,-0.06361608676107013
2025-05-06,389.30789999998524,58612.4,59001.70789999999,518880,0.018746112506141888,4.900170789999999,61850.70789999999,-0.0460625285745517
2025-05-07,389.30789999998524,59066.700000000004,59456.00789999999,518880,0.007699777111028316,4.9456007899999985,61850.70789999999,-0.03871742266671773
2025-05-08,389.30789999998524,58188.9,58578.20789999999,518880,-0.014763857026465543,4.857820789999999,61850.70789999999,-0.05290966120049857
2025-05-09,389.30789999998524,57988.7,58378.00789999998,518880,-0.003417653205467941,4.837800789999998,61850.70789999999,-0.05614648753276444
2025-05-12,389.30789999998524,56795.200000000004,57184.50789999999,518880,-0.020444342705979723,4.718450789999999,61850.70789999999,-0.07544295220588733
2025-05-13,389.30789999998524,56456.4,56845.70789999999,518880,-0.0059246815692192145,4.684570789999999,61850.70789999999,-0.08092065830664488
2025-05-14,389.30789999998524,56032.9,56422.20789999999,518880,-0.0074499907846165,4.642220789999999,61850.70789999999,-0.08776779093259175
2025-05-15,389.30789999998524,54377.4,54766.70789999999,518880,-0.02934128354094423,4.476670789999998,61850.70789999999,-0.11453385483402044
2025-05-16,55627.93133999998,0.0,55627.93133999998,CASH,0.015725309645643115,4.562793133999998,61850.70789999999,-0.10060962552055135
2025-05-19,55627.93133999998,0.0,55627.93133999998,CASH,0.0,4.562793133999998,61850.70789999999,-0.10060962552055135
2025-05-20,55627.93133999998,0.0,55627.93133999998,CASH,0.0,4.562793133999998,61850.70789999999,-0.10060962552055135
2025-05-21,55627.93133999998,0.0,55627.93133999998,CASH,0.0,4.562793133999998,61850.70789999999,-0.10060962552055135
2025-05-22,55627.93133999998,0.0,55627.93133999998,CASH,0.0,4.562793133999998,61850.70789999999,-0.10060962552055135
2025-05-23,55627.93133999998,0.0,55627.93133999998,CASH,0.0,4.562793133999998,61850.70789999999,-0.10060962552055135
2025-05-26,55627.93133999998,0.0,55627.93133999998,CASH,0.0,4.562793133999998,61850.70789999999,-0.10060962552055135
2025-05-27,55627.93133999998,0.0,55627.93133999998,CASH,0.0,4.562793133999998,61850.70789999999,-0.10060962552055135
2025-05-28,55627.93133999998,0.0,55627.93133999998,CASH,0.0,4.562793133999998,61850.70789999999,-0.10060962552055135
2025-05-29,55627.93133999998,0.0,55627.93133999998,CASH,0.0,4.562793133999998,61850.70789999999,-0.10060962552055135
2025-05-30,55627.93133999998,0.0,55627.93133999998,CASH,0.0,4.562793133999998,61850.70789999999,-0.10060962552055135
2025-06-03,58.765589999980875,55485.0,55543.76558999998,512800,-0.0015130124017299629,4.554376558999998,61850.70789999999,-0.10197041431113527
2025-06-04,58.765589999980875,55552.5,55611.26558999998,512800,0.0012152579012782994,4.561126558999998,61850.70789999999,-0.10087907676154516
2025-06-05,58.765589999980875,55147.5,55206.26558999998,512800,-0.00728269705253437,4.520626558999998,61850.70789999999,-0.10742710205908584
2025-06-06,58.765589999980875,55282.5,55341.26558999998,512800,0.0024453746066182003,4.534126558999998,61850.70789999999,-0.10524442695990562
2025-06-09,58.765589999980875,55485.0,55543.76558999998,512800,0.0036591140054553772,4.554376558999998,61850.70789999999,-0.10197041431113527
2025-06-10,58.765589999980875,55755.0,55813.76558999998,512800,0.0048610316051134195,4.581376558999998,61850.70789999999,-0.09760506411277481
2025-06-11,58.765589999980875,55957.5,56016.26558999998,512800,0.0036281372141693247,4.601626558999998,61850.70789999999,-0.09433105146400446
2025-06-12,58.765589999980875,56160.0,56218.76558999998,512800,0.003615021420423803,4.621876558999998,61850.70789999999,-0.09105703881523411
2025-06-13,58.765589999980875,55687.5,55746.26558999998,512800,-0.008404666930005411,4.574626558999998,61850.70789999999,-0.09869640166236492
2025-06-16,58.765589999980875,56362.5,56421.26558999998,512800,0.012108434401049584,4.6421265589999985,61850.70789999999,-0.08778302616646376
2025-06-17,58.765589999980875,56227.5,56286.26558999998,512800,-0.0023927148494153894,4.628626558999998,61850.70789999999,-0.08996570126564399
2025-06-18,58.765589999980875,56835.0,56893.76558999998,512800,0.01079304149301974,4.6893765589999985,61850.70789999999,-0.08014366331933295
2025-06-19,58.765589999980875,56767.5,56826.26558999998,512800,-0.0011864217335592064,4.682626558999998,61850.70789999999,-0.08123500086892307
2025-06-20,58.765589999980875,57375.0,57433.76558999998,512800,0.01069047901868303,4.743376558999998,61850.70789999999,-0.07141296292261202
2025-06-23,58.765589999980875,58117.5,58176.26558999998,512800,0.01292793520279445,4.817626558999998,61850.70789999999,-0.059408249877120754
2025-06-24,58.765589999980875,58252.5,58311.26558999998,512800,0.002320533960557425,4.831126558999998,61850.70789999999,-0.05722557477794052
2025-06-25,58.765589999980875,58860.0,58918.76558999998,512800,0.010418226973008426,4.891876558999998,61850.70789999999,-0.04740353683162948
2025-06-26,58.765589999980875,59467.5,59526.26558999998,512800,0.010310806649063808,4.952626558999998,61850.70789999999,-0.03758149888531844
2025-06-27,58.765589999980875,57847.5,57906.26558999998,512800,-0.027214877062137544,4.790626558999998,61850.70789999999,-0.06377360007548122
2025-06-30,58.765589999980875,57780.0,57838.76558999998,512800,-0.0011656769662531374,4.7838765589999985,61850.70789999999,-0.06486493762507133
2025-07-01,35.1150399999824,58430.200000000004,58465.31503999999,515050,0.010832690559847258,4.846531503999999,61850.70789999999,-0.054734908862700354
2025-07-02,35.1150399999824,56947.200000000004,56982.31503999999,515050,-0.025365466670031256,4.698231503999999,61850.70789999999,-0.07871199902628763
2025-07-03,35.1150399999824,58875.100000000006,58910.21503999999,515050,0.033833304221611016,4.8910215039999985,61850.70789999999,-0.047541781813624145
2025-07-04,35.1150399999824,58578.5,58613.61503999998,515050,-0.005034780467167099,4.861361503999999,61850.70789999999,-0.05233719984634169
2025-07-07,35.1150399999824,57688.700000000004,57723.81503999999,515050,-0.01518077326219791,4.772381503999998,61850.70789999999,-0.066723453944494
2025-07-08,35.1150399999824,60061.50000000001,60096.61503999999,515050,0.0411060841761024,5.0096615039999985,61850.70789999999,-0.028360109682754292
2025-07-09,35.1150399999824,60061.50000000001,60096.61503999999,515050,0.0,5.0096615039999985,61850.70789999999,-0.028360109682754292
2025-07-10,35.1150399999824,60209.8,60244.915039999985,515050,0.002467693062268017,5.024491503999998,61850.70789999999,-0.025962400666395633
2025-07-11,35.1150399999824,59764.9,59800.015039999984,515050,-0.007384855629800624,4.980001503999999,61850.70789999999,-0.033155527715471846
2025-07-14,35.1150399999824,60061.50000000001,60096.61503999999,515050,0.004959864973304917,5.0096615039999985,61850.70789999999,-0.028360109682754292
2025-07-15,35.1150399999824,63324.1,63359.21503999998,515050,0.054289247369896376,5.335921503999998,63359.21503999998,0.0
2025-07-16,35.1150399999824,62879.2,62914.31503999998,515050,-0.007021867296164053,5.2914315039999975,63359.21503999998,-0.007021867296164053
2025-07-17,35.1150399999824,65845.2,65880.31503999999,515050,0.04714348392912271,5.588031503999999,65880.31503999999,0.0
2025-07-18,35.1150399999824,65400.3,65435.415039999985,515050,-0.00675315532006604,5.5435415039999985,65880.31503999999,-0.006753155320066022
2025-07-21,35.1150399999824,65696.9,65732.01503999997,515050,0.00453271366611907,5.573201503999997,65880.31503999999,-0.0022510517733555983
2025-07-22,35.1150399999824,65400.3,65435.415039999985,515050,-0.004512260879565244,5.5435415039999985,65880.31503999999,-0.006753155320066022
2025-07-23,35.1150399999824,65103.7,65138.81503999998,515050,-0.004532713666119403,5.513881503999998,65880.31503999999,-0.011255258866776776
2025-07-24,35.1150399999824,65252.0,65287.11503999998,515050,0.002276676355087659,5.5287115039999986,65880.31503999999,-0.0090042070934214
2025-07-25,35.1150399999824,65548.6,65583.71503999998,515050,0.0045430097473027065,5.558371503999998,65880.31503999999,-0.004502103546710755
2025-07-28,35.1150399999824,66883.3,66918.41503999999,515050,0.020351088668672856,5.691841503999999,66918.41503999999,0.0
2025-07-29,35.1150399999824,68959.5,68994.61503999998,515050,0.03102583943087933,5.899461503999998,68994.61503999998,0.0
2025-07-30,35.1150399999824,68959.5,68994.61503999998,515050,0.0,5.899461503999998,68994.61503999998,0.0
2025-07-31,35.1150399999824,69256.1,69291.21503999998,515050,0.00429888622217911,5.9291215039999985,69291.21503999998,0.0
2025-08-01,35.1150399999824,67773.1,67808.21503999998,515050,-0.021402424522991903,5.780821503999998,69291.21503999998,-0.02140242452299189
2025-08-04,35.1150399999824,67921.40000000001,67956.51504,515050,0.0021870506385182065,5.795651503999999,69291.21503999998,-0.019262182070692448
2025-08-05,35.1150399999824,68218.0,68253.11503999998,515050,0.004364555772546463,5.825311503999997,69291.21503999998,-0.014981697166094406
2025-08-06,35.1150399999824,68514.6,68549.71503999998,515050,0.004345589206092404,5.854971503999998,69291.21503999998,-0.010701212261495945
2025-08-07,35.1150399999824,68366.3,68401.41503999999,515050,-0.002163393384107426,5.840141503999999,69291.21503999998,-0.012841454713794966
2025-08-08,35.1150399999824,68069.7,68104.81503999999,515050,-0.004336167604523378,5.810481503999998,69291.21503999998,-0.017121939618393426
2025-08-11,35.1150399999824,69849.3,69884.41503999999,515050,0.026130311035347464,5.988441503999999,69884.41503999999,0.0
2025-08-12,35.1150399999824,71628.9,71664.01503999997,515050,0.02546490514346278,6.166401503999997,71664.01503999997,0.0
2025-08-13,35.1150399999824,75633.0,75668.11503999998,515050,0.055873230069025226,6.566811503999998,75668.11503999998,0.0
2025-08-14,35.1150399999824,74001.7,74036.81503999999,515050,-0.021558618172761945,6.403681503999999,75668.11503999998,-0.02155861817276199
2025-08-15,35.1150399999824,74743.2,74778.31503999999,515050,0.010015287659246086,6.477831503999998,75668.11503999998,-0.011759246276051925
2025-08-18,35.1150399999824,77709.2,77744.31503999999,515050,0.03966390521655172,6.774431503999999,77744.31503999999,0.0
2025-08-19,35.1150399999824,79043.90000000001,79079.01504,515050,0.01716781476964968,6.907901504,79079.01504,0.0
2025-08-20,35.1150399999824,79785.40000000001,79820.51504,515050,0.009376697466767059,6.982051504,79820.51504,0.0
2025-08-21,35.1150399999824,79637.1,79672.21503999998,515050,-0.0018579183550206935,6.9672215039999985,79820.51504,-0.0018579183550206451
2025-08-22,35.1150399999824,82899.70000000001,82934.81503999999,515050,0.04095028609863549,7.293481503999999,82934.81503999999,0.0
2025-08-25,35.1150399999824,87052.09999999999,87087.21503999998,515050,0.05006823730175647,7.708721503999998,87087.21503999998,0.0
2025-08-26,35.1150399999824,87200.4,87235.51503999997,515050,0.0017028906014719958,7.723551503999998,87235.51503999997,0.0
2025-08-27,35.1150399999824,87941.9,87977.01503999997,515050,0.008499978473904823,7.797701503999997,87977.01503999997,0.0
2025-08-28,35.1150399999824,94467.1,94502.21503999998,515050,0.07416937250068378,8.450221503999998,94502.21503999998,0.0
2025-08-29,35.1150399999824,95653.5,95688.61503999998,515050,0.012554203089290894,8.568861503999997,95688.61503999998,0.0
2025-09-01,35.1150399999824,100250.8,100285.91503999999,515050,0.04804437809114748,9.028591504,100285.91503999999,0.0
2025-09-02,35.1150399999824,94615.40000000001,94650.51504,515050,-0.056193334804316875,8.465051504,100285.91503999999,-0.05619333480431685
2025-09-03,35.1150399999824,95801.8,95836.91503999999,515050,0.01253453295524709,8.583691503999999,100285.91503999999,-0.044363159056039665
2025-09-04,35.1150399999824,87793.59999999999,87828.71503999998,515050,-0.0835607030616291,7.782871503999997,100285.91503999999,-0.12421684535691117
2025-09-05,35.1150399999824,93577.3,93612.41503999999,515050,0.06585203936282036,8.361241503999999,100285.91503999999,-0.0665447385840595
2025-09-08,35.1150399999824,90611.3,90646.41503999999,515050,-0.031683831666266093,8.064641503999999,100285.91503999999,-0.09612017795475261
2025-09-09,35.1150399999824,88683.4,88718.51503999997,515050,-0.021268353515682792,7.871851503999997,100285.91503999999,-0.11534421354570336
2025-09-10,35.1150399999824,92094.3,92129.41503999999,515050,0.03844631527547748,8.212941504,100285.91503999999,-0.08133245826940605
2025-09-11,35.1150399999824,101288.90000000001,101324.01504,515050,0.09980091587478301,9.132401504,101324.01504,0.0
2025-09-12,35.1150399999824,99657.6,99692.71503999998,515050,-0.016099835753212388,8.969271503999998,101324.01504,-0.016099835753212347
2025-09-15,35.1150399999824,98916.1,98951.21503999998,515050,-0.0074378554110245965,8.895121503999999,101324.01504,-0.023417942913763333
2025-09-16,35.1150399999824,99212.70000000001,99247.81503999999,515050,0.0029974366649272444,8.924781503999998,101324.01504,-0.02049070004954288
2025-09-17,35.1150399999824,99805.90000000001,99841.01504,515050,0.005976957777467762,8.984101504,101324.01504,-0.014636214321101976
2025-09-18,35.1150399999824,100992.3,101027.41503999999,515050,0.011882892011110702,9.102741503999999,101324.01504,-0.0029272428642204526
2025-09-19,35.1150399999824,102326.99999999999,102362.11503999998,515050,0.013211265471570588,9.236211503999998,102362.11503999998,0.0
2025-09-22,35.1150399999824,105441.29999999999,105476.41503999996,515050,0.03042434204083233,9.547641503999996,105476.41503999996,0.0
2025-09-23,35.1150399999824,105886.2,105921.31503999999,515050,0.004218004563686595,9.592131504,105921.31503999999,0.0
2025-09-24,35.1150399999824,106182.79999999999,106217.91503999996,515050,0.00280019182057889,9.621791503999995,106217.91503999996,0.0
2025-09-25,35.1150399999824,107665.8,107700.91503999999,515050,0.013961863207741843,9.770091504,107700.91503999999,0.0
2025-09-26,35.1150399999824,103661.7,103696.81503999999,515050,-0.03717795710939775,9.369681503999999,107700.91503999999,-0.037177957109397704
2025-09-29,35.1150399999824,106034.5,106069.61503999998,515050,0.022882091403527705,9.606961503999997,107700.91503999999,-0.01514657511864365
2025-09-30,35.1150399999824,105144.7,105179.81503999999,515050,-0.008388830294749683,9.517981503999998,107700.91503999999,-0.023408343365176353
2025-10-09,35.1150399999824,106331.09999999999,106366.21503999998,515050,0.011279730807178145,9.636621503999999,107700.91503999999,-0.012392652369799325
2025-10-10,35.1150399999824,102771.9,102807.01503999997,515050,-0.03346175285697195,9.280701503999996,107700.91503999999,-0.045439725355930674
2025-10-13,35.1150399999824,100547.40000000001,100582.51504,515050,-0.021637628513331175,9.058251504,107700.91503999999,-0.06609414597226243
2025-10-14,35.1150399999824,94763.7,94798.81503999999,515050,-0.057502041957291805,8.479881503999998,107700.91503999999,-0.11979563957472582
2025-10-15,35.1150399999824,97581.40000000001,97616.51504,515050,0.02972294536393827,8.761651504,107700.91503999999,-0.09363337346070513
2025-10-16,35.1150399999824,98322.90000000001,98358.01504,515050,0.00759605072662306,8.835801503999999,107700.91503999999,-0.08674856658859446
2025-10-17,35.1150399999824,94170.5,94205.61503999998,515050,-0.04221720007577756,8.420561503999998,107700.91503999999,-0.12530348507241446
2025-10-20,35.1150399999824,97284.8,97319.91503999999,515050,0.03305853901253841,8.731991504,107700.91503999999,-0.09638729620954946
2025-10-21,35.1150399999824,103365.09999999999,103400.21503999998,515050,0.06247744870616545,9.340021503999997,107700.91503999999,-0.03993187985824203
2025-10-22,35.1150399999824,102623.59999999999,102658.71503999998,515050,-0.00717116497014203,9.265871503999998,107700.91503999999,-0.046816686730352705
2025-10-23,35.1150399999824,100695.70000000001,100730.81503999999,515050,-0.018779701258181625,9.073081504,107700.91503999999,-0.06471718459784041
2025-10-24,35.1150399999824,106182.79999999999,106217.91503999996,515050,0.054472903826113805,9.621791503999995,107700.91503999999,-0.013769613744221622
2025-10-27,35.1150399999824,111669.9,111705.01503999997,515050,0.051658893868643974,10.170501503999997,111705.01503999997,0.0
2025-10-28,35.1150399999824,111818.2,111853.31503999999,515050,0.0013276037781018157,10.185331503999999,111853.31503999999,0.0
2025-10-29,35.1150399999824,113449.5,113484.61503999998,515050,0.01458427941466578,10.348461503999998,113484.61503999998,0.0
2025-10-30,35.1150399999824,109742.0,109777.11503999998,515050,-0.0326696266158476,9.977711503999998,113484.61503999998,-0.03266962661584758
2025-10-31,35.1150399999824,104403.2,104438.31503999999,515050,-0.048633087124348884,9.443831503999998,113484.61503999998,-0.079713888942668
2025-11-03,42.93843999998353,104890.2,104933.13843999998,516160,0.00473794890132484,9.493313843999998,113484.61503999998,-0.07535362037387933
2025-11-04,42.93843999998353,101845.79999999999,101888.73843999997,516160,-0.029012760365885515,9.188873843999998,113484.61503999998,-0.10218016420915557
2025-11-05,42.93843999998353,105456.6,105499.53843999999,516160,0.03543865647258304,9.549953844,113484.61503999998,-0.07036263547429299
2025-11-06,42.93843999998353,107155.8,107198.73843999999,516160,0.01610623160182234,9.719873843999999,113484.61503999998,-0.055389680775534224
2025-11-07,42.93843999998353,109138.20000000001,109181.13844,516160,0.018492754941417333,9.918113843999999,113484.61503999998,-0.03792123362698223
2025-11-10,42.93843999998353,108430.20000000001,108473.13844,516160,-0.00648463654176934,9.847313844,113484.61503999998,-0.04415996475146505
2025-11-11,42.93843999998353,107580.6,107623.53843999999,516160,-0.007832353817898818,9.762353844,113484.61503999998,-0.0516464421008445
2025-11-12,42.93843999998353,104819.4,104862.33843999998,516160,-0.025656097541704392,9.486233843999997,113484.61503999998,-0.07597749348632764
2025-11-13,42.93843999998353,109704.6,109747.53843999999,516160,0.04658679248122266,9.974753843999999,113484.61503999998,-0.032930248727396014
2025-11-14,42.93843999998353,108005.40000000001,108048.33843999999,516160,-0.015482807397351972,9.804833844,113484.61503999998,-0.047903203426154777
2025-11-17,42.93843999998353,108465.6,108508.53843999999,516160,0.004259204784121229,9.850853844,113484.61503999998,-0.043848028195240966
2025-11-18,42.93843999998353,105208.8,105251.73843999999,516160,-0.03001422788309749,9.525173844,113484.61503999998,-0.072546191367862
2025-11-19,42.93843999998353,105775.2,105818.13843999998,516160,0.005381383798452655,9.581813843999997,113484.61503999998,-0.06755520646827579
2025-11-20,42.93843999998353,104111.4,104154.33843999998,516160,-0.015723202321720975,9.415433843999997,113484.61503999998,-0.08221622461081046
2025-11-21,42.93843999998353,97703.99999999999,97746.93843999997,516160,-0.0615183207533031,8.774693843999996,113484.61503999998,-0.13867674128738014
2025-11-24,96620.55645999999,0.0,96620.55645999999,CASH,-0.011523450227460375,8.662055645999999,113484.61503999998,-0.14860215698890902
2025-11-25,96620.55645999999,0.0,96620.55645999999,CASH,0.0,8.662055645999999,113484.61503999998,-0.14860215698890902
2025-11-26,96620.55645999999,0.0,96620.55645999999,CASH,0.0,8.662055645999999,113484.61503999998,-0.14860215698890902
2025-11-27,96620.55645999999,0.0,96620.55645999999,CASH,0.0,8.662055645999999,113484.61503999998,-0.14860215698890902
2025-11-28,96620.55645999999,0.0,96620.55645999999,CASH,0.0,8.662055645999999,113484.61503999998,-0.14860215698890902
2025-12-01,390.6961600000068,96190.5,96581.19616,518880,-0.0004073698335227416,8.658119616,113484.61503999998,-0.14894899078647808
2025-12-02,390.6961600000068,95676.0,96066.69616,518880,-0.005327123917037269,8.606669616000001,113484.61503999998,-0.1534826449722781
2025-12-03,390.6961600000068,95508.0,95898.69616,518880,-0.0017487850286866946,8.589869616000001,113484.61503999998,-0.15496302184927402
2025-12-04,390.6961600000068,95172.0,95562.69616,518880,-0.0035036972707054304,8.556269616,113484.61503999998,-0.15792377560326587
2025-12-05,390.6961600000068,95927.99999999999,96318.69615999999,518880,0.007911036736910626,8.631869616,113484.61503999998,-0.15126207965678434
2025-12-08,390.6961600000068,95655.0,96045.69616,518880,-0.002834340692761117,8.604569616000001,113484.61503999998,-0.1536676920819026
2025-12-09,390.6961600000068,94983.0,95373.69616,518880,-0.006996669573621883,8.537369616000001,113484.61503999998,-0.1595891995898863
2025-12-10,390.6961600000068,95497.5,95888.19616,518880,0.005394569160210194,8.588819616,113484.61503999998,-0.15505554540408628
2025-12-11,390.6961600000068,95655.0,96045.69616,518880,0.0016425379380085037,8.604569616000001,113484.61503999998,-0.1536676920819026
2025-12-12,390.6961600000068,96883.5,97274.19616,518880,0.012790786564277346,8.727419616,113484.61503999998,-0.14284243616886988
2025-12-15,390.6961600000068,98185.50000000001,98576.19616000002,518880,0.013384844608311575,8.857619616000003,113484.61503999998,-0.13136951537215133
2025-12-16,390.6961600000068,97020.0,97410.69616,518880,-0.01182334118582018,8.741069616,113484.61503999998,-0.14163962995631071
2025-12-17,390.6961600000068,97755.0,98145.69616,518880,0.007545372623071422,8.814569616,113484.61503999998,-0.13516298111945352
2025-12-18,390.6961600000068,97839.0,98229.69616,518880,0.0008558704384047378,8.822969616,113484.61503999998,-0.13442279268095556
2025-12-19,390.6961600000068,97786.5,98177.19616,518880,-0.0005344615941240694,8.817719616000002,113484.61503999998,-0.13488541045501679
2025-12-22,390.6961600000068,99865.49999999999,100256.19615999999,518880,0.021175996884366333,9.025619615999998,113484.61503999998,-0.11656574660219234
2025-12-23,390.6961600000068,101209.5,101600.19616,518880,0.013405655226088165,9.160019616000001,113484.61503999998,-0.1047227315862248
2025-12-24,390.6961600000068,101241.0,101631.69616,518880,0.00031003877148427783,9.163169616000001,113484.61503999998,-0.10444516092178807
2025-12-25,390.6961600000068,100443.00000000001,100833.69616000002,518880,-0.007851881156678564,9.083369616000002,113484.61503999998,-0.1114769510875186
2025-12-26,390.6961600000068,101325.0,101715.69616,518880,0.008747075963579265,9.171569616000001,113484.61503999998,-0.10370497248329011
2025-12-29,390.6961600000068,100411.5,100802.19616,518880,-0.008980914789818217,9.080219616,113484.61503999998,-0.11175452175195545
2025-12-30,390.6961600000068,98311.5,98702.19616,518880,-0.02083287944110601,8.870219616,113484.61503999998,-0.1302592327144045
2025-12-31,390.6961600000068,97660.5,98051.19616,518880,-0.006595597923117147,8.805119616,113484.61503999998,-0.13599569311276374
2026-01-05,49.799660000018775,99897.0,99946.79966000002,512660,0.0193327932165841,8.994679966000001,113484.61503999998,-0.11929207650947467
2026-01-06,49.799660000018775,103163.0,103212.79966000002,512660,0.03267738447964619,9.321279966000002,113484.61503999998,-0.09051284507930388
2026-01-07,49.799660000018775,102240.0,102289.79966000002,512660,-0.008942689308307883,9.228979966000002,113484.61503999998,-0.09864610613565648
2026-01-08,49.799660000018775,106854.99999999999,106904.79966,512660,0.045116913077743126,9.690479966,113484.61503999998,-0.057979800853893544
2026-01-09,49.799660000018775,111257.0,111306.79966000002,512660,0.04117682287418467,10.130679966000002,113484.61503999998,-0.01919040196975018
2026-01-12,49.799660000018775,119422.0,119471.79966000002,512660,0.0733558059789785,10.947179966000002,119471.79966000002,0.0
2026-01-13,49.799660000018775,110192.0,110241.79966000002,512660,-0.0772567252378158,10.024179966000002,119471.79966000002,-0.07725672523781583
2026-01-14,49.799660000018775,110973.0,111022.79966000002,512660,0.007084427162915574,10.102279966000001,119471.79966000002,-0.07071961771769295
2026-01-15,49.799660000018775,106712.99999999999,106762.79966,512660,-0.03837049698842021,9.676279966000001,119471.79966000002,-0.10637656782745422
2026-01-16,49.799660000018775,106145.00000000001,106194.79966000003,512660,-0.005320205182037574,9.619479966000004,119471.79966000002,-0.1111308278420888
2026-01-19,49.799660000018775,108346.0,108395.79966000002,512660,0.020726061982760502,9.839579966000002,119471.79966000002,-0.09270807028537899
2026-01-20,49.799660000018775,104867.0,104916.79966000002,512660,-0.032095339587995264,9.491679966000001,119471.79966000002,-0.12182791287501726
2026-01-21,49.799660000018775,105009.0,105058.79966000002,512660,0.0013534534074635118,9.505879966000002,119471.79966000002,-0.12063934787135856
2026-01-22,49.799660000018775,108346.0,108395.79966000002,512660,0.03176316511134214,9.839579966000002,119471.79966000002,-0.09270807028537899
2026-01-23,49.799660000018775,111754.0,111803.79966000002,512660,0.03144033265762802,10.180379966000002,119471.79966000002,-0.06418251019757007
2026-01-26,49.799660000018775,106712.99999999999,106762.79966,512660,-0.04508791307030624,9.676279966000001,119471.79966000002,-0.10637656782745422
2026-01-27,49.799660000018775,108275.0,108324.79966000002,512660,0.014630564250604161,9.832479966000001,119471.79966000002,-0.09330235278720835
2026-01-28,49.799660000018775,106712.99999999999,106762.79966,512660,-0.014419597404312534,9.676279966000001,119471.79966000002,-0.10637656782745422
2026-01-29,49.799660000018775,104583.0,104632.79966000002,512660,-0.019950769432641735,9.463279966000002,119471.79966000002,-0.12420504288233468
2026-01-30,49.799660000018775,102666.0,102715.79966000002,512660,-0.01832121482201765,9.271579966000003,119471.79966000002,-0.1402506704317272
2026-02-02,55.370060000015656,100558.70000000001,100614.07006000003,512480,-0.02046159993844121,9.061407006000003,119471.79966000002,-0.1578425172606962
2026-02-03,55.370060000015656,102050.29999999999,102105.67006,512480,0.014824964332627477,9.210567006,119471.79966000002,-0.14535756261663074
2026-02-04,55.370060000015656,99937.20000000001,99992.57006000003,512480,-0.020695226805311218,8.999257006000002,119471.79966000002,-0.16304458169572356
2026-02-05,55.370060000015656,98942.8,98998.17006000002,512480,-0.009944738888132632,8.899817006000001,119471.79966000002,-0.1713678847917674
2026-02-06,55.370060000015656,98072.7,98128.07006000001,512480,-0.00878905134784469,8.812807006000002,119471.79966000002,-0.17865077500080576
2026-02-09,55.370060000015656,101180.2,101235.57006000001,512480,0.03166779901102634,9.123557006,119471.79966000002,-0.15264045282566896
2026-02-10,55.370060000015656,101677.4,101732.77006000001,512480,0.0049113172346964,9.173277006000001,119471.79966000002,-0.1484788012776471
2026-02-11,55.370060000015656,100558.70000000001,100614.07006000003,512480,-0.010996456690800738,9.061407006000003,119471.79966000002,-0.1578425172606962
2026-02-12,55.370060000015656,102671.79999999999,102727.17006,512480,0.021002032804555704,9.272717006,119471.79966000002,-0.14015549818160336
2026-02-13,55.370060000015656,102920.4,102975.77006000001,512480,0.0024200024185889735,9.297577006000001,119471.79966000002,-0.13807467240759239
2026-02-24,55.370060000015656,103293.29999999999,103348.67006,512480,0.003621240217797972,9.334867006,119471.79966000002,-0.134953433746576
2026-02-25,55.370060000015656,104163.4,104218.77006000001,512480,0.008419073022370327,9.421877006,119471.79966000002,-0.12767054353753765
2026-02-26,55.370060000015656,105655.0,105710.37006000002,512480,0.014312201143241943,9.571037006000001,119471.79966000002,-0.11518558889347194
2026-02-27,55.370060000015656,104784.9,104840.27006000001,512480,-0.008230980550972933,9.484027006000002,119471.79966000002,-0.1224684791025103
2026-03-02,140.4364100000239,102584.8,102725.23641000003,512660,-0.0201738668623187,9.272523641000003,119471.79966000002,-0.14017168317258433
2026-03-03,140.4364100000239,95543.40000000001,95683.83641000003,512660,-0.06854596052615691,8.568383641000004,119471.79966000002,-0.1991094410371083
2026-03-04,140.4364100000239,96706.20000000001,96846.63641000004,512660,0.01215252276275236,8.684663641000004,119471.79966000002,-0.18937660028883824
2026-03-05,140.4364100000239,97416.8,97557.23641000003,512660,0.007337374082788672,8.755723641000003,119471.79966000002,-0.1834287531648955
2026-03-06,140.4364100000239,98385.79999999999,98526.23641000001,512660,0.00993263068592487,8.852623641000001,119471.79966000002,-0.17531805254133728
2026-03-09,140.4364100000239,96447.8,96588.23641000003,512660,-0.019669887642265516,8.658823641000003,119471.79966000002,-0.19153945378845386
2026-03-10,140.4364100000239,97610.59999999999,97751.03641000002,512660,0.012038733113048039,8.775103641000001,119471.79966000002,-0.18180661304018395
2026-03-11,140.4364100000239,96189.40000000001,96329.83641000003,512660,-0.014538976282962413,8.632983641000003,119471.79966000002,-0.19370230728806936
2026-03-12,140.4364100000239,94122.20000000001,94262.63641000004,512660,-0.02145960251818102,8.426263641000004,119471.79966000002,-0.21100513528499382
2026-03-13,91392.85247000003,0.0,91392.85247000003,CASH,-0.030444554165849347,8.139285247000002,119471.79966000002,-0.2350257321803868
2026-03-16,91392.85247000003,0.0,91392.85247000003,CASH,0.0,8.139285247000002,119471.79966000002,-0.2350257321803868
2026-03-17,91392.85247000003,0.0,91392.85247000003,CASH,0.0,8.139285247000002,119471.79966000002,-0.2350257321803868
2026-03-18,91392.85247000003,0.0,91392.85247000003,CASH,0.0,8.139285247000002,119471.79966000002,-0.2350257321803868
2026-03-19,91392.85247000003,0.0,91392.85247000003,CASH,0.0,8.139285247000002,119471.79966000002,-0.2350257321803868
2026-03-20,91392.85247000003,0.0,91392.85247000003,CASH,0.0,8.139285247000002,119471.79966000002,-0.2350257321803868
2026-03-23,91392.85247000003,0.0,91392.85247000003,CASH,0.0,8.139285247000002,119471.79966000002,-0.2350257321803868
2026-03-24,91392.85247000003,0.0,91392.85247000003,CASH,0.0,8.139285247000002,119471.79966000002,-0.2350257321803868
2026-03-25,91392.85247000003,0.0,91392.85247000003,CASH,0.0,8.139285247000002,119471.79966000002,-0.2350257321803868
2026-03-26,91392.85247000003,0.0,91392.85247000003,CASH,0.0,8.139285247000002,119471.79966000002,-0.2350257321803868
2026-03-27,91392.85247000003,0.0,91392.85247000003,CASH,0.0,8.139285247000002,119471.79966000002,-0.2350257321803868
2026-03-30,91392.85247000003,0.0,91392.85247000003,CASH,0.0,8.139285247000002,119471.79966000002,-0.2350257321803868
2026-03-31,91392.85247000003,0.0,91392.85247000003,CASH,0.0,8.139285247000002,119471.79966000002,-0.2350257321803868
2026-04-01,91392.85247000003,0.0,91392.85247000003,CASH,0.0,8.139285247000002,119471.79966000002,-0.2350257321803868
2026-04-02,91392.85247000003,0.0,91392.85247000003,CASH,0.0,8.139285247000002,119471.79966000002,-0.2350257321803868
2026-04-03,91392.85247000003,0.0,91392.85247000003,CASH,0.0,8.139285247000002,119471.79966000002,-0.2350257321803868
2026-04-07,91392.85247000003,0.0,91392.85247000003,CASH,0.0,8.139285247000002,119471.79966000002,-0.2350257321803868
2026-04-08,91392.85247000003,0.0,91392.85247000003,CASH,0.0,8.139285247000002,119471.79966000002,-0.2350257321803868
2026-04-09,91392.85247000003,0.0,91392.85247000003,CASH,0.0,8.139285247000002,119471.79966000002,-0.2350257321803868
2026-04-10,91392.85247000003,0.0,91392.85247000003,CASH,0.0,8.139285247000002,119471.79966000002,-0.2350257321803868
2026-04-13,91392.85247000003,0.0,91392.85247000003,CASH,0.0,8.139285247000002,119471.79966000002,-0.2350257321803868
2026-04-14,91392.85247000003,0.0,91392.85247000003,CASH,0.0,8.139285247000002,119471.79966000002,-0.2350257321803868
2026-04-15,91392.85247000003,0.0,91392.85247000003,CASH,0.0,8.139285247000002,119471.79966000002,-0.2350257321803868
2026-04-16,91392.85247000003,0.0,91392.85247000003,CASH,0.0,8.139285247000002,119471.79966000002,-0.2350257321803868
2026-04-17,91392.85247000003,0.0,91392.85247000003,CASH,0.0,8.139285247000002,119471.79966000002,-0.2350257321803868
2026-04-20,91392.85247000003,0.0,91392.85247000003,CASH,0.0,8.139285247000002,119471.79966000002,-0.2350257321803868
2026-04-21,91392.85247000003,0.0,91392.85247000003,CASH,0.0,8.139285247000002,119471.79966000002,-0.2350257321803868
2026-04-22,91392.85247000003,0.0,91392.85247000003,CASH,0.0,8.139285247000002,119471.79966000002,-0.2350257321803868
2026-04-23,91392.85247000003,0.0,91392.85247000003,CASH,0.0,8.139285247000002,119471.79966000002,-0.2350257321803868
2026-04-24,91392.85247000003,0.0,91392.85247000003,CASH,0.0,8.139285247000002,119471.79966000002,-0.2350257321803868
2026-04-27,91392.85247000003,0.0,91392.85247000003,CASH,0.0,8.139285247000002,119471.79966000002,-0.2350257321803868
2026-04-28,91392.85247000003,0.0,91392.85247000003,CASH,0.0,8.139285247000002,119471.79966000002,-0.2350257321803868
2026-04-29,91392.85247000003,0.0,91392.85247000003,CASH,0.0,8.139285247000002,119471.79966000002,-0.2350257321803868
2026-04-30,91392.85247000003,0.0,91392.85247000003,CASH,0.0,8.139285247000002,119471.79966000002,-0.2350257321803868
2026-05-06,94.17108000004373,91181.2,91275.37108000004,515050,-0.001285454899643823,8.127537108000004,119471.79966000002,-0.23600907210105698
2026-05-07,94.17108000004373,95055.5,95149.67108000004,515050,0.04244628046052301,8.514967108000004,119471.79966000002,-0.20358049890616314
2026-05-08,94.17108000004373,95325.8,95419.97108000005,515050,0.0028407875395883853,8.541997108000004,119471.79966000002,-0.2013180403111705
2026-05-11,94.17108000004373,99110.00000000001,99204.17108000006,515050,0.03965836456633731,8.920417108000006,119471.79966000002,-0.16964361998127414
2026-05-12,94.17108000004373,100011.00000000001,100105.17108000006,515050,0.00908227940610895,9.010517108000005,119471.79966000002,-0.16210209133129883
2026-05-13,94.17108000004373,104155.59999999999,104249.77108000003,515050,0.04140245658925834,9.424977108000004,119471.79966000002,-0.12741105954141263
2026-05-14,94.17108000004373,102083.3,102177.47108000005,515050,-0.019878221108128202,9.217747108000005,119471.79966000002,-0.14475657543635573
2026-05-15,94.17108000004373,99830.8,99924.97108000005,515050,-0.022044977001206112,8.992497108000004,119471.79966000002,-0.163610397061294
2026-05-18,94.17108000004373,101632.79999999999,101726.97108000003,515050,0.018033530363069206,9.172697108000003,119471.79966000002,-0.1485273397613435
2026-05-19,94.17108000004373,101903.1,101997.27108000005,515050,0.002657112436656117,9.199727108000005,119471.79966000002,-0.14626488116635078
2026-05-20,94.17108000004373,102623.9,102718.07108000004,515050,0.007066855734156219,9.271807108000004,119471.79966000002,-0.14023165824637063
2026-05-21,94.17108000004373,98479.3,98573.47108000005,515050,-0.04034927794518306,8.857347108000004,119471.79966000002,-0.17492269003625696
2026-05-22,94.17108000004373,103885.3,103979.47108000005,515050,0.05484234186713999,9.397947108000004,119471.79966000002,-0.12967351813640512
2026-05-25,94.17108000004373,108570.5,108664.67108000004,515050,0.04505889433112498,9.866467108000004,119471.79966000002,-0.09045756915653357
2026-05-26,94.17108000004373,108750.70000000001,108844.87108000006,515050,0.001658312662331074,9.884487108000005,119471.79966000002,-0.0889492634265384
2026-05-27,94.17108000004373,107849.70000000001,107943.87108000006,515050,-0.008277836071281408,9.794387108000006,119471.79966000002,-0.09649079207651372
2026-05-28,94.17108000004373,110913.1,111007.27108000005,515050,0.02837956402109776,10.100727108000005,119471.79966000002,-0.07084959466659772
2026-05-29,94.17108000004373,108300.2,108394.37108000004,515050,-0.023538097771243827,9.839437108000004,119471.79966000002,-0.09272002775152619
2026-06-01,94.17108000004373,104155.59999999999,104249.77108000003,515050,-0.03823630285138235,9.424977108000004,119471.79966000002,-0.12741105954141263
2026-06-02,94.17108000004373,110102.2,110196.37108000004,515050,0.057041851875498706,10.019637108000005,119471.79966000002,-0.07763697045157557
2026-06-03,94.17108000004373,114517.09999999999,114611.27108000003,515050,0.040063932747793185,10.461127108000003,119471.79966000002,-0.04068348006669663
2026-06-04,94.17108000004373,115328.0,115422.17108000004,515050,0.0070752203719475215,10.542217108000004,119471.79966000002,-0.033896104281718784
2026-06-05,94.17108000004373,111093.3,111187.47108000005,515050,-0.036688791766573914,10.118747108000004,119471.79966000002,-0.06934128893660269
2026-06-08,94.17108000004373,107128.90000000001,107223.07108000005,515050,-0.035655096401532416,9.722307108000006,119471.79966000002,-0.10252401499649398
2026-06-09,94.17108000004373,112985.4,113079.57108000004,515050,0.054619774839599566,10.307957108000004,119471.79966000002,-0.05350407877165462
2026-06-10,94.17108000004373,108840.8,108934.97108000005,515050,-0.03665206686243816,9.893497108000005,119471.79966000002,-0.08819511056154095
2026-06-11,94.17108000004373,107038.79999999999,107132.97108000003,515050,-0.016541978963547477,9.713297108000003,119471.79966000002,-0.10327816786149169
2026-06-12,94.17108000004373,106498.2,106592.37108000004,515050,-0.0050460656000691495,9.659237108000005,119471.79966000002,-0.10780308505147679
2026-06-15,94.17108000004373,113976.49999999999,114070.67108000003,515050,0.07015792897962037,10.407067108000003,119471.79966000002,-0.04520839725668186
2026-06-16,94.17108000004373,116679.5,116773.67108000004,515050,0.02369583675109932,10.677367108000004,119471.79966000002,-0.022583811306755824
2026-06-17,94.17108000004373,120103.3,120197.47108000005,515050,0.029319965436852558,11.019747108000004,120197.47108000005,0.0
2026-06-18,94.17108000004373,124608.3,124702.47108000005,515050,0.03747998988266232,11.470247108000004,124702.47108000005,0.0
2026-06-22,94.17108000004373,126770.7,126864.87108000004,515050,0.017340474340823198,11.686487108000003,126864.87108000004,0.0
2026-06-23,94.17108000004373,120914.20000000001,121008.37108000006,515050,-0.046163291304705756,11.100837108000006,126864.87108000004,-0.04616329130470578
2026-06-24,94.17108000004373,124968.7,125062.87108000004,515050,0.03350594643836269,11.506287108000004,126864.87108000004,-0.014204089632217198
2026-06-25,94.17108000004373,129653.90000000001,129748.07108000005,515050,0.037462757407856095,11.974807108000006,129748.07108000005,0.0
2026-06-26,94.17108000004373,122445.9,122540.07108000004,515050,-0.05555381239969037,11.254007108000003,129748.07108000005,-0.05555381239969037
2026-06-29,94.17108000004373,120643.9,120738.07108000004,515050,-0.01470539378766611,11.073807108000004,129748.07108000005,-0.06944226549961294
2026-06-30,94.17108000004373,125869.7,125963.87108000004,515050,0.04328212264164333,11.596387108000004,129748.07108000005,-0.029165751509837474
2026-07-01,75.9252400000696,119968.0,120043.92524000007,512480,-0.046997172992882974,11.004392524000007,129748.07108000005,-0.07479221663354518
2026-07-02,75.9252400000696,110025.0,110100.92524000007,512480,-0.08282801466314327,10.010092524000006,129748.07108000005,-0.15142534048067618
2026-07-03,75.9252400000696,108476.5,108552.42524000007,512480,-0.014064368638361135,9.855242524000007,129748.07108000005,-0.16336000730932773
2026-07-06,75.9252400000696,108721.0,108796.92524000007,512480,0.00225236791770822,9.879692524000006,129748.07108000005,-0.1614755862311196
2026-07-07,75.9252400000696,108884.0,108959.92524000007,512480,0.0014982041049453887,9.895992524000008,129748.07108000005,-0.16021930551231417
2026-07-08,75.9252400000696,109128.5,109204.42524000007,512480,0.0022439442709001334,9.920442524000007,129748.07108000005,-0.15833488443410604
2026-07-09,75.9252400000696,119886.5,119962.42524000007,512480,0.0985124913789619,10.996242524000007,129748.07108000005,-0.0754203569929479
2026-07-10,75.9252400000696,111573.5,111649.42524000007,512480,-0.06929669839009,10.164942524000008,129748.07108000005,-0.13949067365202464
2026-07-13,75.9252400000696,105298.0,105373.92524000007,512480,-0.05620718589916851,9.537392524000007,129748.07108000005,-0.18785748132603355
2026-07-14,75.9252400000696,106602.0,106677.92524000007,512480,0.012374977937188891,9.667792524000006,129748.07108000005,-0.17780723557559014
2026-07-15,75.9252400000696,100408.0,100483.92524000007,512480,-0.05806262154110109,9.048392524000008,129748.07108000005,-0.22554590289019633
2026-07-16,75.9252400000696,94458.5,94534.42524000007,512480,-0.05920847524407469,8.453442524000007,129748.07108000005,-0.2714001491265944
2026-07-17,87173.28819000008,0.0,87173.28819000008,CASH,-0.07786726402907551,7.717328819000008,129748.07108000005,-0.32813422608609893
2026-07-20,87173.28819000008,0.0,87173.28819000008,CASH,0.0,7.717328819000008,129748.07108000005,-0.32813422608609893
2026-07-21,87173.28819000008,0.0,87173.28819000008,CASH,0.0,7.717328819000008,129748.07108000005,-0.32813422608609893
2026-07-22,87173.28819000008,0.0,87173.28819000008,CASH,0.0,7.717328819000008,129748.07108000005,-0.32813422608609893
2026-07-23,87173.28819000008,0.0,87173.28819000008,CASH,0.0,7.717328819000008,129748.07108000005,-0.32813422608609893
2026-07-24,87173.28819000008,0.0,87173.28819000008,CASH,0.0,7.717328819000008,129748.07108000005,-0.32813422608609893
2026-07-27,87173.28819000008,0.0,87173.28819000008,CASH,0.0,7.717328819000008,129748.07108000005,-0.32813422608609893
2026-07-28,87173.28819000008,0.0,87173.28819000008,CASH,0.0,7.717328819000008,129748.07108000005,-0.32813422608609893
2026-07-29,87173.28819000008,0.0,87173.28819000008,CASH,0.0,7.717328819000008,129748.07108000005,-0.32813422608609893
2026-07-30,87173.28819000008,0.0,87173.28819000008,CASH,0.0,7.717328819000008,129748.07108000005,-0.32813422608609893
2026-07-31,87173.28819000008,0.0,87173.28819000008,CASH,0.0,7.717328819000008,129748.07108000005,-0.32813422608609893
2026-08-03,87173.28819000008,0.0,87173.28819000008,CASH,0.0,7.717328819000008,129748.07108000005,-0.32813422608609893
2026-08-04,87173.28819000008,0.0,87173.28819000008,CASH,0.0,7.717328819000008,129748.07108000005,-0.32813422608609893
2026-08-05,87173.28819000008,0.0,87173.28819000008,CASH,0.0,7.717328819000008,129748.07108000005,-0.32813422608609893
2026-08-06,87173.28819000008,0.0,87173.28819000008,CASH,0.0,7.717328819000008,129748.07108000005,-0.32813422608609893
2026-08-07,87173.28819000008,0.0,87173.28819000008,CASH,0.0,7.717328819000008,129748.07108000005,-0.32813422608609893
2026-08-10,87173.28819000008,0.0,87173.28819000008,CASH,0.0,7.717328819000008,129748.07108000005,-0.32813422608609893
2026-08-11,87173.28819000008,0.0,87173.28819000008,CASH,0.0,7.717328819000008,129748.07108000005,-0.32813422608609893
2026-08-12,87173.28819000008,0.0,87173.28819000008,CASH,0.0,7.717328819000008,129748.07108000005,-0.32813422608609893
2026-08-13,87173.28819000008,0.0,87173.28819000008,CASH,0.0,7.717328819000008,129748.07108000005,-0.32813422608609893
2026-08-14,87173.28819000008,0.0,87173.28819000008,CASH,0.0,7.717328819000008,129748.07108000005,-0.32813422608609893
2026-08-17,87173.28819000008,0.0,87173.28819000008,CASH,0.0,7.717328819000008,129748.07108000005,-0.32813422608609893
2026-08-18,87173.28819000008,0.0,87173.28819000008,CASH,0.0,7.717328819000008,129748.07108000005,-0.32813422608609893
2026-08-19,87173.28819000008,0.0,87173.28819000008,CASH,0.0,7.717328819000008,129748.07108000005,-0.32813422608609893
2026-08-20,87173.28819000008,0.0,87173.28819000008,CASH,0.0,7.717328819000008,129748.07108000005,-0.32813422608609893
2026-08-21,87173.28819000008,0.0,87173.28819000008,CASH,0.0,7.717328819000008,129748.07108000005,-0.32813422608609893
2026-08-24,87173.28819000008,0.0,87173.28819000008,CASH,0.0,7.717328819000008,129748.07108000005,-0.32813422608609893
2026-08-25,87173.28819000008,0.0,87173.28819000008,CASH,0.0,7.717328819000008,129748.07108000005,-0.32813422608609893
2026-08-26,87173.28819000008,0.0,87173.28819000008,CASH,0.0,7.717328819000008,129748.07108000005,-0.32813422608609893
2026-08-27,87173.28819000008,0.0,87173.28819000008,CASH,0.0,7.717328819000008,129748.07108000005,-0.32813422608609893
2026-08-28,87173.28819000008,0.0,87173.28819000008,CASH,0.0,7.717328819000008,129748.07108000005,-0.32813422608609893
2026-08-31,87173.28819000008,0.0,87173.28819000008,CASH,0.0,7.717328819000008,129748.07108000005,-0.32813422608609893
2026-09-01,516.7990400000854,86621.0,87137.79904000009,518880,-0.0004071103744835991,7.713779904000008,129748.07108000005,-0.32840774961291974
2026-09-02,516.7990400000854,84569.0,85085.79904000009,518880,-0.02354890785178132,7.508579904000008,129748.07108000005,-0.3442230136312555
2026-09-03,516.7990400000854,86497.5,87014.29904000009,518880,0.022665356872224818,7.701429904000008,129748.07108000005,-0.32935959420661587
2026-09-04,516.7990400000854,87058.0,87574.79904000009,518880,0.006441470036348207,7.757479904000009,129748.07108000005,-0.32503968412753337
2026-09-07,516.7990400000854,85785.0,86301.79904000009,518880,-0.014536145260448219,7.630179904000009,129748.07108000005,-0.33485100532409356
